time_start,target,launched,destroyed
2025-06-15 02:10:00,Poltava oblast,4.0,3.0
2025-06-15 02:10:00,Poltava oblast,1.0,0.0
2025-06-15 02:10:00,Poltava oblast,4.0,3.0
2025-06-15 02:10:00,Poltava oblast,2.0,2.0
2025-06-14 06:00:00,,2.0,2.0
2025-06-12 06:00:00,,3.0,0.0
2025-06-11 06:00:00,,9.0,9.0
2025-06-11 06:00:00,,2.0,2.0
2025-06-10 06:00:00,,1.0,1.0
2025-06-09 06:00:00,,2.0,2.0
2025-06-09 06:00:00,,1.0,1.0
2025-06-07 21:00:00,Mykolaiv oblast,2.0,0.0
2025-06-07 21:00:00,Odesa oblast,1.0,0.0
2025-06-07 06:00:00,,3.0,3.0
2025-06-07 06:00:00,,1.0,1.0
2025-06-05 20:00:00,Odesa oblast,1.0,0.0
2025-06-06 06:00:00,,3.0,3.0
2025-06-06 06:00:00,,2.0,2.0
2025-06-05 06:00:00,,2.0,2.0
2025-06-04 06:00:00,,3.0,3.0
2025-06-04 06:00:00,,9.0,9.0
2025-06-03 06:00:00,Mykolaiv oblast,1.0,0.0
2025-06-03 06:00:00,,3.0,3.0
2025-06-03 06:00:00,,3.0,3.0
2025-06-02 06:00:00,,4.0,4.0
2025-06-02 06:00:00,,2.0,2.0
2025-06-01 06:00:00,,1.0,1.0
2025-06-01 06:00:00,,1.0,1.0
2025-05-30 06:00:00,,6.0,6.0
2025-05-29 06:00:00,,5.0,5.0
2025-05-29 06:00:00,,2.0,2.0
2025-05-29 06:00:00,,1.0,1.0
2025-05-29 06:00:00,Mykolaiv oblast,1.0,0.0
2025-05-28 06:00:00,,1.0,1.0
2025-05-28 06:00:00,,2.0,2.0
2025-05-27 06:00:00,,3.0,3.0
2025-05-27 06:00:00,,1.0,1.0
2025-05-27 06:00:00,,2.0,2.0
2025-05-25 06:00:00,,1.0,1.0
2025-05-23 06:00:00,,1.0,1.0
2025-05-23 06:00:00,,2.0,2.0
2025-05-23 06:00:00,,1.0,1.0
2025-05-23 06:00:00,,2.0,2.0
2025-05-22 06:00:00,,7.0,7.0
2025-05-22 06:00:00,,5.0,5.0
2025-05-21 06:00:00,,2.0,2.0
2025-05-21 06:00:00,,3.0,3.0
2025-05-21 06:00:00,,5.0,5.0
2025-05-21 06:00:00,,1.0,1.0
2025-05-21 06:00:00,,5.0,5.0
2025-05-20 06:00:00,,5.0,5.0
2025-05-19 06:00:00,,3.0,3.0
2025-05-19 06:00:00,,2.0,2.0
2025-05-18 06:00:00,,4.0,4.0
2025-05-16 06:00:00,,7.0,7.0
2025-05-16 06:00:00,,2.0,2.0
2025-05-15 06:00:00,,1.0,1.0
2025-05-15 06:00:00,,2.0,2.0
2025-05-13 19:30:00,Odesa oblast,1.0,0.0
2025-05-14 06:00:00,,8.0,8.0
2025-05-13 06:00:00,,5.0,5.0
2025-05-13 06:00:00,,5.0,5.0
2025-05-12 06:00:00,,3.0,3.0
2025-05-11 06:00:00,,1.0,1.0
2025-05-11 06:00:00,,1.0,1.0
2025-05-11 06:00:00,,1.0,1.0
2025-05-10 06:00:00,,2.0,2.0
2025-05-10 06:00:00,,2.0,2.0
2025-05-05 21:30:00,Mykolaiv oblast,1.0,1.0
2025-05-06 06:00:00,,3.0,3.0
2025-05-06 06:00:00,,3.0,3.0
2025-05-04 23:00:00,Sumy oblast,2.0,0.0
2025-05-05 06:00:00,,2.0,2.0
2025-05-05 06:00:00,,1.0,1.0
2025-05-04 06:00:00,,4.0,4.0
2025-05-04 06:00:00,,4.0,4.0
2025-05-04 06:00:00,Kherson oblast,1.0,0.0
2025-05-02 20:30:00,Odesa oblast,1.0,0.0
2025-05-03 06:00:00,,2.0,2.0
2025-05-03 06:00:00,,1.0,1.0
2025-05-03 06:00:00,Odesa oblast,1.0,0.0
2025-04-30 19:30:00,Odesa oblast,5.0,0.0
2025-05-01 06:00:00,,3.0,3.0
2025-05-01 06:00:00,,4.0,4.0
2025-04-30 06:00:00,,4.0,4.0
2025-04-30 06:00:00,,2.0,2.0
2025-04-29 06:00:00,,3.0,3.0
2025-04-29 06:00:00,,1.0,1.0
2025-04-28 06:00:00,,4.0,4.0
2025-04-28 06:00:00,,2.0,2.0
2025-04-28 06:00:00,Odesa oblast,1.0,0.0
2025-04-25 22:00:00,Kherson oblast,2.0,0.0
2025-04-25 22:00:00,Kherson oblast,1.0,0.0
2025-04-26 06:00:00,,1.0,1.0
2025-04-26 06:00:00,,1.0,1.0
2025-04-25 06:00:00,,1.0,1.0
2025-04-25 06:00:00,,5.0,5.0
2025-04-24 06:00:00,,2.0,2.0
2025-04-24 06:00:00,,1.0,1.0
2025-04-23 06:00:00,,2.0,2.0
2025-04-23 06:00:00,,6.0,6.0
2025-04-23 06:00:00,,1.0,1.0
2025-04-22 06:00:00,,2.0,2.0
2025-04-22 06:00:00,,5.0,5.0
2025-04-22 06:00:00,,1.0,1.0
2025-04-21 02:00:00,Mykolaiv oblast,2.0,0.0
2025-04-21 02:00:00,Kherson oblast,1.0,0.0
2025-04-21 06:00:00,,6.0,6.0
2025-04-21 06:00:00,,2.0,2.0
2025-04-18 21:00:00,Odesa oblast,3.0,0.0
2025-04-18 21:00:00,Odesa oblast,2.0,0.0
2025-04-18 21:00:00,Odesa oblast,3.0,0.0
2025-04-17 19:30:00,Mykolaiv oblast,1.0,0.0
2025-04-18 04:30:00,Dnipro and Kharkiv,5.0,3.0
2025-04-18 06:00:00,,3.0,3.0
2025-04-18 06:00:00,,1.0,1.0
2025-04-18 06:00:00,,1.0,1.0
2025-04-17 06:00:00,,2.0,2.0
2025-04-17 06:00:00,,4.0,4.0
2025-04-17 06:00:00,,1.0,1.0
2025-04-15 06:00:00,,1.0,1.0
2025-04-15 06:00:00,,2.0,2.0
2025-04-14 06:00:00,,7.0,7.0
2025-04-14 06:00:00,,4.0,4.0
2025-04-13 12:00:00,Sumy,2.0,0.0
2025-04-13 06:00:00,,3.0,3.0
2025-04-13 06:00:00,,1.0,1.0
2025-04-13 06:00:00,,1.0,1.0
2025-04-13 06:00:00,,2.0,2.0
2025-04-12 06:00:00,,1.0,1.0
2025-04-12 06:00:00,,1.0,1.0
2025-04-10 16:04:00,Dnipro,1.0,0.0
2025-04-10 06:00:00,,1.0,1.0
2025-04-10 06:00:00,,2.0,2.0
2025-04-09 06:00:00,,2.0,2.0
2025-04-09 06:00:00,,1.0,1.0
2025-04-08 06:00:00,,2.0,2.0
2025-04-08 06:00:00,,4.0,4.0
2025-04-07 06:00:00,,3.0,3.0
2025-04-07 06:00:00,,5.0,5.0
2025-04-06 05:00:00,Kyiv oblast,6.0,1.0
2025-04-04 19:00:00,Kryvyi Rih,1.0,0.0
2025-04-04 06:00:00,,1.0,1.0
2025-04-01 06:00:00,,4.0,4.0
2025-04-01 06:00:00,,2.0,2.0
2025-03-31 21:00:00,Zaporizhzhia oblast,2.0,2.0
2025-03-31 06:00:00,,1.0,1.0
2025-03-31 06:00:00,,1.0,1.0
2025-03-30 06:00:00,,2.0,2.0
2025-03-28 06:00:00,,5.0,5.0
2025-03-28 06:00:00,,1.0,1.0
2025-03-27 06:00:00,,3.0,3.0
2025-03-27 06:00:00,,3.0,3.0
2025-03-26 06:00:00,,2.0,2.0
2025-03-26 06:00:00,,4.0,4.0
2025-03-24 18:00:00,Kherson oblast,1.0,0.0
2025-03-25 06:00:00,,1.0,1.0
2025-03-24 06:00:00,,1.0,1.0
2025-03-24 06:00:00,,1.0,1.0
2025-03-23 06:00:00,,2.0,2.0
2025-03-23 06:00:00,,1.0,1.0
2025-03-22 06:00:00,,5.0,5.0
2025-03-21 06:00:00,,1.0,1.0
2025-03-21 06:00:00,,1.0,1.0
2025-03-21 06:00:00,,1.0,1.0
2025-03-21 06:00:00,,2.0,2.0
2025-03-21 06:00:00,,3.0,3.0
2025-03-21 06:00:00,Odesa oblast,1.0,0.0
2025-03-20 06:00:00,,5.0,5.0
2025-03-20 06:00:00,,1.0,1.0
2025-03-20 06:00:00,,3.0,3.0
2025-03-20 06:00:00,,1.0,1.0
2025-03-20 06:00:00,,6.0,6.0
2025-03-19 06:00:00,,1.0,1.0
2025-03-19 06:00:00,,3.0,3.0
2025-03-19 06:00:00,,3.0,3.0
2025-03-19 06:00:00,,2.0,2.0
2025-03-17 06:00:00,,1.0,1.0
2025-03-16 06:00:00,,1.0,1.0
2025-03-16 06:00:00,,2.0,2.0
2025-03-16 06:00:00,,2.0,2.0
2025-03-14 19:30:00,Kryvyi Rih,2.0,0.0
2025-03-15 06:00:00,,1.0,1.0
2025-03-15 06:00:00,,1.0,1.0
2025-03-14 06:00:00,,1.0,1.0
2025-03-14 06:00:00,,1.0,1.0
2025-03-13 06:00:00,,1.0,1.0
2025-03-13 06:00:00,,1.0,1.0
2025-03-11 19:00:00,Kryvyi Rih,2.0,0.0
2025-03-11 19:00:00,Odesa,1.0,0.0
2025-03-12 06:00:00,,1.0,1.0
2025-03-12 06:00:00,,2.0,2.0
2025-03-11 06:00:00,,3.0,3.0
2025-03-10 06:00:00,,1.0,1.0
2025-03-10 06:00:00,,1.0,1.0
2025-03-09 06:00:00,,5.0,5.0
2025-03-09 06:00:00,,2.0,2.0
2025-03-09 06:00:00,,2.0,2.0
2025-03-08 06:00:00,Odesa oblast,1.0,0.0
2025-03-08 06:00:00,,2.0,2.0
2025-03-08 06:00:00,,2.0,2.0
2025-03-08 06:00:00,Mykolaiv oblast,1.0,0.0
2025-03-08 06:00:00,Kherson oblast,1.0,0.0
2025-03-07 06:00:00,,4.0,4.0
2025-03-06 06:00:00,,1.0,1.0
2025-03-05 06:00:00,,2.0,2.0
2025-03-05 06:00:00,,1.0,1.0
2025-03-01 06:00:00,,1.0,1.0
2025-03-01 06:00:00,,2.0,2.0
2025-03-01 06:00:00,Odesa,1.0,0.0
2025-02-28 06:00:00,,2.0,2.0
2025-02-28 06:00:00,,1.0,1.0
2025-02-28 06:00:00,,3.0,3.0
2025-02-28 06:00:00,Odesa oblast,1.0,0.0
2025-02-27 06:00:00,,1.0,1.0
2025-02-26 06:00:00,,1.0,1.0
2025-02-26 06:00:00,,2.0,2.0
2025-02-25 06:00:00,,1.0,1.0
2025-02-25 06:00:00,,4.0,4.0
2025-02-25 06:00:00,,1.0,1.0
2025-02-25 06:00:00,,3.0,3.0
2025-02-24 06:00:00,,1.0,1.0
2025-02-24 06:00:00,,1.0,1.0
2025-02-24 06:00:00,,1.0,1.0
2025-02-23 06:00:00,,1.0,1.0
2025-02-23 06:00:00,,2.0,2.0
2025-02-23 06:00:00,,1.0,1.0
2025-02-22 06:00:00,,1.0,1.0
2025-02-22 06:00:00,,1.0,1.0
2025-02-20 19:00:00,Odesa oblast,2.0,0.0
2025-02-21 06:00:00,,1.0,1.0
2025-02-21 06:00:00,,2.0,2.0
2025-02-20 06:00:00,Kharkiv oblast,14.0,
2025-02-20 06:00:00,,2.0,2.0
2025-02-18 20:00:00,Sumy oblast,2.0,0.0
2025-02-19 06:00:00,,1.0,1.0
2025-02-19 06:00:00,,2.0,2.0
2025-02-19 06:00:00,Mykolaiv oblast,2.0,0.0
2025-02-19 06:00:00,Mykolaiv oblast,1.0,1.0
2025-02-19 06:00:00,,2.0,2.0
2025-02-19 06:00:00,,1.0,1.0
2025-02-19 06:00:00,,1.0,1.0
2025-02-18 06:00:00,,1.0,1.0
2025-02-17 06:00:00,,2.0,2.0
2025-02-16 21:45:00,Odesa oblast,3.0,0.0
2025-02-16 04:30:00,Odesa oblast,2.0,0.0
2025-02-16 06:00:00,,2.0,2.0
2025-02-16 06:00:00,,1.0,1.0
2025-02-16 06:00:00,,2.0,2.0
2025-02-15 06:00:00,,1.0,1.0
2025-02-14 06:00:00,,1.0,1.0
2025-02-14 06:00:00,Mykolaiv oblast,2.0,0.0
2025-02-13 06:00:00,,2.0,2.0
2025-02-13 06:00:00,,3.0,3.0
2025-02-13 06:00:00,,1.0,1.0
2025-02-13 06:00:00,Odesa oblast,1.0,0.0
2025-02-12 04:30:00,Kyiv,5.0,5.0
2025-02-12 06:00:00,,1.0,1.0
2025-02-12 06:00:00,Mykolaiv oblast,1.0,0.0
2025-02-12 06:00:00,,1.0,1.0
2025-02-12 06:00:00,,1.0,1.0
2025-02-11 21:00:00,Kryvyi Rih,1.0,1.0
2025-02-11 06:00:00,Poltava oblast,19.0,
2025-02-11 06:00:00,,3.0,3.0
2025-02-11 06:00:00,,2.0,2.0
2025-02-11 06:00:00,,1.0,1.0
2025-02-11 06:00:00,,2.0,2.0
2025-02-10 06:00:00,,1.0,1.0
2025-02-10 06:00:00,Odesa oblast,3.0,0.0
2025-02-10 06:00:00,,3.0,3.0
2025-02-09 06:00:00,,2.0,2.0
2025-02-09 06:00:00,,1.0,1.0
2025-02-09 06:00:00,,2.0,2.0
2025-02-09 06:00:00,,4.0,4.0
2025-02-06 06:00:00,,1.0,1.0
2025-02-06 06:00:00,,1.0,1.0
2025-02-05 06:00:00,Odesa oblast,1.0,0.0
2025-02-05 06:00:00,,1.0,1.0
2025-02-04 06:00:00,,1.0,1.0
2025-02-04 06:00:00,,2.0,2.0
2025-02-02 06:00:00,,5.0,5.0
2025-02-02 06:00:00,,3.0,3.0
2025-02-02 06:00:00,,5.0,5.0
2025-02-02 06:00:00,,1.0,1.0
2025-01-31 19:00:00,Odesa,1.0,1.0
2025-01-31 19:00:00,Odesa,3.0,0.0
2025-01-29 06:00:00,,1.0,1.0
2025-01-27 20:00:00,Odesa oblast,1.0,1.0
2025-01-28 06:00:00,Mykolaiv oblast,1.0,0.0
2025-01-24 18:30:00,Odesa oblast,2.0,2.0
2025-01-23 04:00:00,Zaporizhzhia,4.0,0.0
2025-01-19 19:00:00,Sumy oblast,1.0,0.0
2025-01-20 06:00:00,,1.0,1.0
2025-01-16 19:00:00,Kyiv oblast,4.0,2.0
2025-01-15 06:00:00,,2.0,2.0
2025-01-15 06:00:00,,3.0,3.0
2025-01-15 06:00:00,,1.0,1.0
2025-01-15 06:00:00,,7.0,7.0
2025-01-14 06:00:00,Odesa oblast,2.0,0.0
2025-01-14 06:00:00,,2.0,2.0
2025-01-13 06:00:00,,1.0,1.0
2025-01-12 06:00:00,,3.0,3.0
2025-01-12 06:00:00,,1.0,1.0
2025-01-12 06:00:00,,1.0,1.0
2025-01-12 06:00:00,,8.0,8.0
2025-01-12 06:00:00,Kherson oblast,1.0,1.0
2025-01-10 06:00:00,,1.0,1.0
2025-01-09 14:10:00,Kryvyi Rih,3.0,3.0
2025-01-09 06:00:00,,1.0,1.0
2025-01-09 06:00:00,,2.0,2.0
2025-01-09 06:00:00,,1.0,1.0
2025-01-09 06:00:00,,4.0,4.0
2025-01-09 06:00:00,,1.0,1.0
2025-01-09 06:00:00,,7.0,7.0
2025-01-09 06:00:00,,1.0,1.0
2025-01-05 18:00:00,Mykolaiv oblast,2.0,2.0
2025-01-05 06:00:00,,4.0,4.0
2025-01-05 06:00:00,,1.0,1.0
2025-01-05 06:00:00,,1.0,1.0
2025-01-05 06:00:00,,10.0,10.0
2025-01-04 06:00:00,,1.0,1.0
2025-01-04 06:00:00,,2.0,2.0
2025-01-04 06:00:00,,1.0,1.0
2025-01-04 06:00:00,,7.0,7.0
2025-01-03 12:00:00,Dnipropetrovsk oblast,3.0,3.0
2025-01-03 12:00:00,Chernihiv oblast,3.0,0.0
2025-01-03 12:00:00,Kursk oblast,5.0,0.0
2025-01-02 06:00:00,,1.0,1.0
2025-01-02 06:00:00,,3.0,3.0
2025-01-01 06:00:00,,3.0,3.0
2025-01-01 06:00:00,,2.0,2.0
2024-12-30 07:20:00,Kyiv oblast and Sumy oblast,6.0,5.0
2024-12-30 07:20:00,Kyiv oblast and Sumy oblast,1.0,1.0
2024-12-30 07:20:00,Kyiv oblast and Sumy oblast,8.0,0.0
2024-12-31 02:50:00,Kyiv oblast and Sumy oblast,6.0,0.0
2024-12-31 06:00:00,,3.0,3.0
2024-12-31 06:00:00,Odesa oblast,2.0,0.0
2024-12-31 06:00:00,,2.0,2.0
2024-12-31 06:00:00,,1.0,1.0
2024-12-31 06:00:00,,1.0,1.0
2024-12-28 19:00:00,Mykolaiv oblast,10.0,9.0
2024-12-28 19:00:00,Sumy oblast and Kursk oblast,6.0,0.0
2024-12-27 23:00:00,Mykolaiv oblast,16.0,15.0
2024-12-24 06:00:00,,1.0,1.0
2024-12-24 06:00:00,,1.0,1.0
2024-12-24 06:00:00,,3.0,3.0
2024-12-23 06:00:00,,3.0,3.0
2024-12-23 06:00:00,,1.0,1.0
2024-12-20 19:00:00,Poltava oblast,1.0,0.0
2024-12-21 06:00:00,Kherson oblast,1.0,0.0
2024-12-20 07:00:00,Kyiv,5.0,5.0
2024-12-20 06:00:00,,2.0,2.0
2024-12-20 06:00:00,Odesa oblast,2.0,0.0
2024-12-20 06:00:00,,1.0,1.0
2024-12-20 06:00:00,,3.0,3.0
2024-12-20 06:00:00,,1.0,1.0
2024-12-19 06:00:00,,2.0,2.0
2024-12-19 06:00:00,,1.0,1.0
2024-12-19 06:00:00,,2.0,2.0
2024-12-18 06:00:00,Kherson oblast,1.0,0.0
2024-12-14 06:00:00,,5.0,5.0
2024-12-14 06:00:00,,1.0,1.0
2024-12-14 06:00:00,,2.0,2.0
2024-12-14 06:00:00,,1.0,1.0
2024-12-13 06:00:00,,2.0,2.0
2024-12-11 11:00:00,Dnipropetrovsk oblast,2.0,2.0
2024-12-10 06:00:00,,1.0,1.0
2024-12-10 06:00:00,,1.0,1.0
2024-12-08 19:30:00,Odesa oblast,2.0,2.0
2024-12-06 21:30:00,Sumy oblast,1.0,0.0
2024-12-06 06:00:00,Kherson oblast,3.0,0.0
2024-12-04 20:00:00,Dnipropetrovsk oblast,2.0,0.0
2024-12-05 06:00:00,Mykolaiv oblast,2.0,2.0
2024-12-02 17:00:00,Kryvyi Rih,3.0,3.0
2024-11-29 06:00:00,,3.0,3.0
2024-11-29 06:00:00,Mykolaiv oblast,1.0,0.0
2024-11-29 06:00:00,,4.0,4.0
2024-11-29 06:00:00,Kherson oblast,1.0,0.0
2024-11-28 05:00:00,Kharkiv oblast,3.0,0.0
2024-11-26 06:00:00,,1.0,1.0
2024-11-26 06:00:00,Odesa oblast,1.0,0.0
2024-11-25 06:00:00,,1.0,1.0
2024-11-25 06:00:00,,1.0,1.0
2024-11-25 06:00:00,,2.0,2.0
2024-11-25 06:00:00,,1.0,1.0
2024-11-25 06:00:00,Odesa oblast,2.0,1.0
2024-11-21 05:00:00,Dnipro,1.0,0.0
2024-11-21 05:00:00,Dnipro,7.0,6.0
2024-11-21 05:00:00,Dnipro,1.0,0.0
2024-11-19 19:30:00,Dnipropetrovsk oblast and Chernihiv oblast and Sumy oblast,5.0,2.0
2024-11-19 19:30:00,Kharkiv oblast,1.0,0.0
2024-11-19 06:00:00,,1.0,1.0
2024-11-19 06:00:00,,2.0,2.0
2024-11-18 11:57:00,Odesa oblast,1.0,1.0
2024-11-18 11:45:00,Odesa oblast,1.0,1.0
2024-11-17 19:30:00,Sumy oblast,1.0,0.0
2024-11-17 19:30:00,Sumy oblast,2.0,0.0
2024-11-18 06:00:00,,2.0,2.0
2024-11-18 06:00:00,,1.0,1.0
2024-11-18 06:00:00,,1.0,1.0
2024-11-18 06:00:00,,4.0,4.0
2024-11-15 20:30:00,,3.0,3.0
2024-11-15 20:30:00,Kharkiv oblast,1.0,0.0
2024-11-14 21:00:00,Odesa oblast,29.0,25.0
2024-11-14 21:30:00,Odesa oblast,2.0,1.0
2024-11-13 06:00:00,Sumy oblast,2.0,0.0
2024-11-11 21:00:00,Chernihiv oblast,2.0,0.0
2024-11-11 21:00:00,Kharkiv,1.0,0.0
2024-11-08 21:00:00,Odesa oblast,51.0,32.0
2024-11-08 06:00:00,,1.0,1.0
2024-11-08 06:00:00,,1.0,1.0
2024-11-08 06:00:00,Mykolaiv oblast,1.0,0.0
2024-11-07 06:00:00,,3.0,3.0
2024-11-07 06:00:00,,1.0,1.0
2024-11-07 06:00:00,,1.0,1.0
2024-11-07 06:00:00,,10.0,10.0
2024-11-05 20:00:00,Odesa oblast,2.0,0.0
2024-11-05 20:00:00,Odesa oblast,1.0,0.0
2024-11-06 06:00:00,,2.0,2.0
2024-11-06 06:00:00,,2.0,2.0
2024-11-06 06:00:00,,1.0,1.0
2024-11-04 20:00:00,Odesa oblast,2.0,2.0
2024-11-03 19:00:00,Dnipropetrovsk oblast,1.0,0.0
2024-11-02 06:00:00,,1.0,1.0
2024-10-31 18:00:00,Odesa oblast,3.0,1.0
2024-11-01 06:00:00,,1.0,1.0
2024-11-01 06:00:00,,1.0,1.0
2024-11-01 06:00:00,Kherson,2.0,0.0
2024-10-30 18:30:00,Kramatorsk,2.0,0.0
2024-10-30 18:30:00,Odesa oblast,8.0,2.0
2024-10-30 18:30:00,Odesa oblast,2.0,0.0
2024-10-29 20:00:00,Sumy oblast,1.0,0.0
2024-10-30 06:00:00,,1.0,1.0
2024-10-30 06:00:00,,2.0,2.0
2024-10-30 06:00:00,,9.0,9.0
2024-10-28 22:00:00,Kryvyi Rih,1.0,0.0
2024-10-28 19:00:00,Odesa oblast,2.0,0.0
2024-10-28 19:00:00,,1.0,1.0
2024-10-28 19:00:00,,5.0,5.0
2024-10-26 21:00:00,Kyiv oblast and Odesa oblast,80.0,41.0
2024-10-27 06:00:00,,1.0,1.0
2024-10-27 06:00:00,,1.0,1.0
2024-10-26 06:00:00,,1.0,1.0
2024-10-26 06:00:00,Odesa oblast,1.0,1.0
2024-10-25 21:00:00,Dnipro and Sumy oblast,2.0,0.0
2024-10-25 21:00:00,Dnipro and Sumy oblast,2.0,0.0
2024-10-25 21:00:00,Dnipro and Sumy oblast,3.0,0.0
2024-10-24 23:00:00,Kyiv oblast and Odesa oblast,63.0,36.0
2024-10-23 21:00:00,,2.0,0.0
2024-10-23 21:00:00,,2.0,0.0
2024-10-22 22:00:00,Odesa oblast,1.0,0.0
2024-10-23 06:00:00,,1.0,1.0
2024-10-23 06:00:00,,1.0,1.0
2024-10-23 06:00:00,,1.0,1.0
2024-10-22 06:00:00,,1.0,1.0
2024-10-20 20:00:00,Odesa oblast,1.0,0.0
2024-10-20 20:00:00,Odesa oblast,1.0,0.0
2024-10-20 20:00:00,,1.0,0.0
2024-10-19 21:00:00,Kryvyi Rih,2.0,0.0
2024-10-18 21:00:00,Odesa oblast,6.0,4.0
2024-10-15 19:00:00,Chernihiv oblast,1.0,0.0
2024-10-15 19:00:00,Donetsk oblast,1.0,0.0
2024-10-15 06:00:00,Chernihiv oblast and Sumy oblast,2.0,0.0
2024-10-15 06:00:00,Mykolaiv oblast,7.0,0.0
2024-10-15 06:00:00,Mykolaiv oblast,1.0,0.0
2024-10-15 06:00:00,,1.0,1.0
2024-10-15 06:00:00,Odesa oblast,2.0,0.0
2024-10-15 06:00:00,Kherson oblast,16.0,0.0
2024-10-14 06:00:00,Odesa oblast,1.0,0.0
2024-10-13 06:00:00,Chernihiv oblast and Sumy oblast,2.0,0.0
2024-10-13 06:00:00,Poltava oblast,1.0,0.0
2024-10-13 06:00:00,Odesa oblast,1.0,0.0
2024-10-11 06:00:00,,1.0,0.0
2024-10-11 06:00:00,,1.0,0.0
2024-10-09 19:00:00,Mykolaiv oblast,2.0,0.0
2024-10-09 19:00:00,Odesa oblast,1.0,0.0
2024-10-09 19:00:00,Odesa oblast,2.0,0.0
2024-10-09 19:00:00,,3.0,0.0
2024-10-10 06:00:00,,4.0,4.0
2024-10-10 06:00:00,,1.0,1.0
2024-10-10 06:00:00,,3.0,3.0
2024-10-09 06:00:00,Poltava oblast,3.0,0.0
2024-10-09 06:00:00,,2.0,2.0
2024-10-09 06:00:00,,1.0,1.0
2024-10-07 19:00:00,,1.0,1.0
2024-10-07 19:00:00,Odesa oblast,2.0,0.0
2024-10-08 06:00:00,,1.0,1.0
2024-10-08 06:00:00,,3.0,3.0
2024-10-07 08:20:00,Kyiv oblast and Starokostiantyniv,3.0,2.0
2024-10-05 19:00:00,Odesa oblast,2.0,0.0
2024-10-05 06:00:00,,3.0,3.0
2024-10-03 06:00:00,,1.0,1.0
2024-10-03 06:00:00,Odesa oblast,1.0,0.0
2024-10-03 06:00:00,,1.0,1.0
2024-10-03 06:00:00,,1.0,1.0
2024-10-01 12:00:00,Odesa oblast,1.0,0.0
2024-10-01 06:00:00,,1.0,1.0
2024-10-01 06:00:00,,1.0,1.0
2024-10-01 06:00:00,,1.0,1.0
2024-09-30 06:00:00,Kherson oblast,2.0,0.0
2024-09-28 07:30:00,Sumy oblast,3.0,1.0
2024-09-27 19:00:00,Odesa oblast,2.0,0.0
2024-09-27 16:00:00,Starokostiantyniv,4.0,0.0
2024-09-27 06:00:00,Snake Island,2.0,0.0
2024-09-27 06:00:00,,1.0,0.0
2024-09-27 06:00:00,,1.0,1.0
2024-09-26 10:00:00,Starokostiantyniv,3.0,0.0
2024-09-26 06:00:00,Odesa oblast,4.0,4.0
2024-09-26 06:00:00,Sumy oblast,2.0,0.0
2024-09-25 06:00:00,Odesa oblast,4.0,4.0
2024-09-25 06:00:00,Kharkiv oblast,3.0,0.0
2024-09-25 06:00:00,Kharkiv oblast,1.0,0.0
2024-09-25 06:00:00,,2.0,2.0
2024-09-25 06:00:00,,1.0,1.0
2024-09-25 06:00:00,,1.0,1.0
2024-09-23 20:00:00,,81.0,66.0
2024-09-24 06:00:00,,4.0,4.0
2024-09-24 06:00:00,,1.0,1.0
2024-09-24 06:00:00,,11.0,11.0
2024-09-23 06:00:00,Sumy oblast,4.0,3.0
2024-09-22 06:00:00,,2.0,0.0
2024-09-21 06:00:00,,5.0,5.0
2024-09-21 06:00:00,Dnipropetrovsk oblast,4.0,0.0
2024-09-20 06:00:00,Dnipropetrovsk oblast,1.0,1.0
2024-09-20 06:00:00,Donetsk oblast,3.0,0.0
2024-09-20 06:00:00,,1.0,1.0
2024-09-20 06:00:00,,7.0,7.0
2024-09-20 06:00:00,Odesa oblast,1.0,0.0
2024-09-19 06:00:00,,1.0,1.0
2024-09-19 06:00:00,,3.0,0.0
2024-09-19 06:00:00,,1.0,1.0
2024-09-19 06:00:00,,1.0,1.0
2024-09-18 06:00:00,Mykolaiv oblast,3.0,0.0
2024-09-15 06:00:00,,1.0,1.0
2024-09-15 06:00:00,Odesa oblast,2.0,0.0
2024-09-14 06:00:00,,1.0,1.0
2024-09-14 06:00:00,,2.0,2.0
2024-09-14 06:00:00,,2.0,2.0
2024-09-14 06:00:00,,1.0,1.0
2024-09-12 06:00:00,Snake Island,2.0,0.0
2024-09-12 06:00:00,Chernihiv oblast,2.0,0.0
2024-09-12 06:00:00,,4.0,4.0
2024-09-12 06:00:00,,1.0,1.0
2024-09-12 06:00:00,,4.0,4.0
2024-09-12 06:00:00,Odesa oblast,1.0,1.0
2024-09-11 06:00:00,Chernihiv oblast,1.0,0.0
2024-09-11 06:00:00,Snake Island,6.0,0.0
2024-09-11 06:00:00,,2.0,0.0
2024-09-10 06:00:00,Snake Island,1.0,0.0
2024-09-10 06:00:00,Kherson oblast,1.0,0.0
2024-09-10 06:00:00,,1.0,1.0
2024-09-10 06:00:00,,2.0,2.0
2024-09-09 06:00:00,,4.0,4.0
2024-09-09 06:00:00,,3.0,3.0
2024-09-09 06:00:00,,2.0,2.0
2024-09-07 06:00:00,,1.0,1.0
2024-09-07 06:00:00,,3.0,3.0
2024-09-07 06:00:00,,2.0,2.0
2024-09-06 06:00:00,,1.0,1.0
2024-09-06 06:00:00,,1.0,1.0
2024-09-04 05:30:00,"Odesa oblast, Black Sea",2.0,0.0
2024-09-04 05:50:00,Kryvyi Rih,3.0,3.0
2024-09-04 05:40:00,Lviv oblast,2.0,0.0
2024-09-02 06:00:00,,3.0,3.0
2024-09-02 06:00:00,,2.0,2.0
2024-09-02 06:00:00,,1.0,1.0
2024-09-02 06:00:00,Mykolaiv oblast,1.0,0.0
2024-08-31 11:00:00,Kursk oblast,1.0,1.0
2024-08-31 06:00:00,,4.0,4.0
2024-08-30 06:00:00,Odesa oblast,1.0,0.0
2024-08-29 06:00:00,,1.0,1.0
2024-08-29 06:00:00,,1.0,1.0
2024-08-29 06:00:00,Odesa oblast,1.0,0.0
2024-08-29 06:00:00,,1.0,1.0
2024-08-28 06:00:00,,1.0,1.0
2024-08-28 06:00:00,,2.0,2.0
2024-08-25 06:00:00,Mykolaiv oblast,9.0,8.0
2024-08-24 06:00:00,Snake Island,4.0,0.0
2024-08-24 06:00:00,,1.0,1.0
2024-08-23 06:00:00,,2.0,2.0
2024-08-23 06:00:00,,1.0,1.0
2024-08-23 06:00:00,,1.0,1.0
2024-08-23 06:00:00,,1.0,1.0
2024-08-23 06:00:00,,2.0,2.0
2024-08-22 06:00:00,Odesa oblast,2.0,0.0
2024-08-22 06:00:00,Kharkiv oblast,10.0,2.0
2024-08-22 06:00:00,Mykolaiv oblast,1.0,0.0
2024-08-21 06:00:00,,1.0,1.0
2024-08-21 06:00:00,,3.0,3.0
2024-08-20 06:00:00,,4.0,4.0
2024-08-19 06:00:00,,3.0,3.0
2024-08-19 06:00:00,,2.0,2.0
2024-08-18 06:00:00,,3.0,3.0
2024-08-18 06:00:00,,2.0,2.0
2024-08-18 06:00:00,,1.0,1.0
2024-08-17 06:00:00,Sumy,1.0,0.0
2024-08-16 06:00:00,,2.0,2.0
2024-08-16 06:00:00,,1.0,1.0
2024-08-16 06:00:00,,1.0,1.0
2024-08-15 06:00:00,,1.0,1.0
2024-08-15 06:00:00,,1.0,1.0
2024-08-15 06:00:00,,4.0,4.0
2024-08-14 06:00:00,,1.0,1.0
2024-08-14 06:00:00,,2.0,2.0
2024-08-14 06:00:00,Odesa oblast,1.0,0.0
2024-08-12 06:00:00,,1.0,1.0
2024-08-12 06:00:00,,2.0,2.0
2024-08-11 06:00:00,,1.0,1.0
2024-08-11 06:00:00,,4.0,4.0
2024-08-11 06:00:00,Odesa oblast,1.0,0.0
2024-08-11 06:00:00,Mykolaiv oblast,1.0,0.0
2024-08-10 06:00:00,,1.0,1.0
2024-08-09 06:00:00,,2.0,2.0
2024-08-08 06:00:00,,2.0,2.0
2024-08-08 06:00:00,Kharkiv oblast,2.0,0.0
2024-08-08 06:00:00,,1.0,1.0
2024-08-08 06:00:00,,1.0,1.0
2024-08-07 06:00:00,,2.0,2.0
2024-08-07 06:00:00,,1.0,1.0
2024-08-06 06:00:00,Kyiv oblast,4.0,2.0
2024-08-06 06:00:00,,1.0,1.0
2024-08-05 06:00:00,,1.0,1.0
2024-08-05 06:00:00,Mykolaiv oblast,1.0,0.0
2024-08-05 06:00:00,Kherson oblast,1.0,0.0
2024-08-05 06:00:00,,1.0,1.0
2024-08-05 06:00:00,Mykolaiv oblast,2.0,0.0
2024-08-04 06:00:00,,1.0,1.0
2024-08-04 06:00:00,Poltava oblast,2.0,0.0
2024-08-04 06:00:00,,2.0,2.0
2024-08-04 06:00:00,Kharkiv oblast,2.0,0.0
2024-08-03 06:00:00,Odesa oblast,2.0,0.0
2024-08-03 06:00:00,,2.0,0.0
2024-08-03 06:00:00,,3.0,3.0
2024-08-03 06:00:00,,2.0,2.0
2024-08-02 06:00:00,,1.0,1.0
2024-08-02 06:00:00,,3.0,3.0
2024-08-02 06:00:00,,1.0,1.0
2024-08-02 06:00:00,,2.0,2.0
2024-08-02 06:00:00,,1.0,1.0
2024-08-02 06:00:00,,1.0,1.0
2024-08-02 06:00:00,Odesa oblast,3.0,0.0
2024-08-01 06:00:00,Mykolaiv oblast,1.0,0.0
2024-08-01 06:00:00,,1.0,0.0
2024-08-01 06:00:00,,4.0,4.0
2024-08-01 06:00:00,,2.0,2.0
2024-08-01 06:00:00,,1.0,1.0
2024-08-01 06:00:00,,3.0,3.0
2024-07-31 06:00:00,Mykolaiv oblast,1.0,1.0
2024-07-31 06:00:00,Kyiv oblast,89.0,89.0
2024-07-31 06:00:00,,5.0,5.0
2024-07-31 06:00:00,,1.0,1.0
2024-07-29 06:00:00,,3.0,3.0
2024-07-29 06:00:00,,1.0,1.0
2024-07-29 06:00:00,,1.0,1.0
2024-07-29 06:00:00,,1.0,1.0
2024-07-29 06:00:00,,1.0,1.0
2024-07-28 06:00:00,Odesa oblast,8.0,7.0
2024-07-28 06:00:00,,1.0,1.0
2024-07-28 06:00:00,,1.0,1.0
2024-07-28 06:00:00,,1.0,1.0
2024-07-28 06:00:00,,1.0,1.0
2024-07-27 06:00:00,,1.0,1.0
2024-07-27 06:00:00,,1.0,1.0
2024-07-27 06:00:00,,2.0,2.0
2024-07-26 06:00:00,Donetsk oblast,1.0,0.0
2024-07-25 06:00:00,,3.0,3.0
2024-07-25 06:00:00,,2.0,2.0
2024-07-25 06:00:00,,1.0,1.0
2024-07-25 06:00:00,,2.0,2.0
2024-07-25 06:00:00,,2.0,2.0
2024-07-24 06:00:00,Kharkiv oblast,1.0,0.0
2024-07-24 06:00:00,Odesa oblast,23.0,17.0
2024-07-24 06:00:00,Kharkiv oblast,1.0,0.0
2024-07-23 06:00:00,Sumy oblast,1.0,0.0
2024-07-23 06:00:00,Sumy oblast,8.0,7.0
2024-07-23 06:00:00,,4.0,4.0
2024-07-23 06:00:00,,2.0,2.0
2024-07-23 06:00:00,,1.0,1.0
2024-07-23 06:00:00,,1.0,1.0
2024-07-23 06:00:00,Mykolaiv oblast,1.0,0.0
2024-07-22 06:00:00,,3.0,3.0
2024-07-22 06:00:00,,2.0,2.0
2024-07-22 06:00:00,,1.0,0.0
2024-07-22 06:00:00,,1.0,1.0
2024-07-22 06:00:00,Odesa oblast,1.0,0.0
2024-07-21 06:00:00,,1.0,1.0
2024-07-21 06:00:00,,2.0,2.0
2024-07-21 06:00:00,,4.0,4.0
2024-07-21 06:00:00,,1.0,1.0
2024-07-21 06:00:00,,3.0,3.0
2024-07-21 06:00:00,,1.0,1.0
2024-07-21 06:00:00,,4.0,4.0
2024-07-20 06:00:00,,4.0,4.0
2024-07-20 06:00:00,,1.0,1.0
2024-07-20 06:00:00,,1.0,1.0
2024-07-20 06:00:00,Mykolaiv oblast,1.0,1.0
2024-07-19 06:00:00,,1.0,1.0
2024-07-19 06:00:00,Mykolaiv oblast,2.0,0.0
2024-07-19 06:00:00,Odesa oblast,1.0,0.0
2024-07-19 06:00:00,,3.0,3.0
2024-07-18 06:00:00,,2.0,2.0
2024-07-18 06:00:00,,1.0,1.0
2024-07-18 06:00:00,,2.0,2.0
2024-07-18 06:00:00,,2.0,2.0
2024-07-18 06:00:00,,1.0,1.0
2024-07-18 06:00:00,Odesa oblast,1.0,0.0
2024-07-17 06:00:00,,4.0,4.0
2024-07-17 06:00:00,,2.0,2.0
2024-07-16 06:00:00,,1.0,1.0
2024-07-16 06:00:00,,1.0,1.0
2024-07-16 06:00:00,,1.0,1.0
2024-07-16 06:00:00,,3.0,3.0
2024-07-16 06:00:00,Kherson oblast,1.0,0.0
2024-07-16 06:00:00,Odesa oblast,1.0,0.0
2024-07-15 06:00:00,,2.0,2.0
2024-07-15 06:00:00,Odesa oblast,1.0,0.0
2024-07-15 06:00:00,,1.0,1.0
2024-07-15 06:00:00,,2.0,2.0
2024-07-15 06:00:00,,1.0,1.0
2024-07-15 06:00:00,,3.0,3.0
2024-07-15 06:00:00,,3.0,3.0
2024-07-14 06:00:00,,1.0,1.0
2024-07-14 06:00:00,,2.0,2.0
2024-07-14 06:00:00,,1.0,1.0
2024-07-14 06:00:00,,3.0,3.0
2024-07-14 06:00:00,,1.0,1.0
2024-07-14 06:00:00,,3.0,3.0
2024-07-13 13:00:00,,1.0,1.0
2024-07-13 06:00:00,,2.0,2.0
2024-07-13 06:00:00,Odesa oblast,1.0,0.0
2024-07-12 06:00:00,,3.0,3.0
2024-07-11 06:00:00,Sumy oblast,2.0,0.0
2024-07-11 06:00:00,,1.0,1.0
2024-07-11 06:00:00,,1.0,1.0
2024-07-11 06:00:00,,2.0,2.0
2024-07-10 06:00:00,Odesa oblast,1.0,0.0
2024-07-10 06:00:00,,2.0,2.0
2024-07-10 06:00:00,Mykolaiv oblast,1.0,0.0
2024-07-10 06:00:00,Odesa oblast,1.0,0.0
2024-07-10 06:00:00,,1.0,1.0
2024-07-10 06:00:00,,1.0,1.0
2024-07-09 06:00:00,,1.0,1.0
2024-07-09 06:00:00,Mykolaiv oblast,1.0,0.0
2024-07-09 06:00:00,,2.0,2.0
2024-07-09 06:00:00,,1.0,1.0
2024-07-09 06:00:00,,1.0,1.0
2024-07-09 06:00:00,,1.0,1.0
2024-07-09 06:00:00,Odesa oblast,1.0,0.0
2024-07-07 06:00:00,Kharkiv oblast,2.0,2.0
2024-07-08 06:00:00,,3.0,3.0
2024-07-08 06:00:00,,2.0,2.0
2024-07-08 06:00:00,,1.0,1.0
2024-07-08 06:00:00,,1.0,1.0
2024-07-08 06:00:00,,1.0,1.0
2024-07-07 06:00:00,Kherson oblast,1.0,1.0
2024-07-07 06:00:00,,1.0,1.0
2024-07-07 06:00:00,Dnipropetrovsk oblast,1.0,1.0
2024-07-07 06:00:00,Dnipropetrovsk oblast,1.0,1.0
2024-07-07 06:00:00,,1.0,1.0
2024-07-06 06:00:00,,2.0,2.0
2024-07-06 06:00:00,,2.0,2.0
2024-07-06 06:00:00,,1.0,1.0
2024-07-06 06:00:00,,1.0,1.0
2024-07-06 06:00:00,,2.0,2.0
2024-07-06 06:00:00,Odesa oblast,2.0,0.0
2024-07-05 06:00:00,,4.0,4.0
2024-07-05 06:00:00,,4.0,4.0
2024-07-05 06:00:00,,5.0,5.0
2024-07-05 06:00:00,,2.0,2.0
2024-07-05 06:00:00,,1.0,1.0
2024-07-04 06:00:00,,3.0,3.0
2024-07-04 06:00:00,,2.0,2.0
2024-07-04 06:00:00,,1.0,1.0
2024-07-04 06:00:00,,1.0,1.0
2024-07-04 06:00:00,Odesa oblast,1.0,0.0
2024-07-03 15:00:00,Poltava oblast,1.0,1.0
2024-07-03 06:00:00,Dnipropetrovsk oblast,4.0,4.0
2024-07-03 06:00:00,Dnipropetrovsk oblast,5.0,5.0
2024-07-03 06:00:00,Dnipropetrovsk oblast,1.0,1.0
2024-07-03 06:00:00,Dnipropetrovsk oblast,3.0,1.0
2024-07-03 06:00:00,,1.0,1.0
2024-07-02 21:00:00,Dnipropetrovsk oblast,1.0,1.0
2024-07-02 17:00:00,,1.0,1.0
2024-07-01 13:00:00,,1.0,1.0
2024-07-01 06:00:00,,1.0,1.0
2024-07-01 06:00:00,,1.0,1.0
2024-06-30 06:00:00,Odesa oblast,1.0,1.0
2024-06-30 06:00:00,,2.0,2.0
2024-06-30 06:00:00,,1.0,1.0
2024-06-30 06:00:00,,4.0,4.0
2024-06-29 06:00:00,,1.0,1.0
2024-06-29 06:00:00,,4.0,4.0
2024-06-28 06:00:00,Kharkiv oblast,1.0,1.0
2024-06-28 06:00:00,Kharkiv oblast,1.0,1.0
2024-06-28 06:00:00,Kharkiv oblast,1.0,1.0
2024-06-28 12:00:00,Odesa oblast,2.0,2.0
2024-06-28 06:00:00,Kherson oblast,1.0,1.0
2024-06-28 06:00:00,Kherson oblast,1.0,1.0
2024-06-28 06:00:00,Odesa oblast,1.0,1.0
2024-06-28 06:00:00,Kherson oblast,2.0,2.0
2024-06-27 06:00:00,Mykolaiv oblast,2.0,2.0
2024-06-27 06:00:00,Kharkiv oblast,1.0,1.0
2024-06-27 06:00:00,Kharkiv oblast,1.0,1.0
2024-06-27 06:00:00,Kharkiv oblast,1.0,1.0
2024-06-27 06:00:00,Kherson oblast,2.0,2.0
2024-06-27 06:00:00,Mykolaiv oblast,2.0,0.0
2024-06-26 06:00:00,Mykolaiv oblast,1.0,0.0
2024-06-26 06:00:00,Odesa oblast,1.0,0.0
2024-06-26 06:00:00,Kherson oblast,1.0,1.0
2024-06-26 06:00:00,Kherson oblast,1.0,1.0
2024-06-26 06:00:00,Kharkiv oblast,1.0,1.0
2024-06-25 06:00:00,Kherson oblast,4.0,4.0
2024-06-25 06:00:00,Kherson oblast,1.0,1.0
2024-06-25 06:00:00,Kherson oblast,1.0,1.0
2024-06-24 06:00:00,Odesa oblast,2.0,1.0
2024-06-24 06:00:00,Kharkiv oblast,4.0,4.0
2024-06-24 06:00:00,Kherson oblast,1.0,1.0
2024-06-24 06:00:00,Kharkiv oblast,3.0,3.0
2024-06-24 06:00:00,Kherson oblast,1.0,1.0
2024-06-23 06:00:00,Kyiv oblast,3.0,2.0
2024-06-23 06:00:00,Mykolaiv oblast,1.0,1.0
2024-06-22 06:00:00,,10.0,7.0
2024-06-22 06:00:00,Kharkiv oblast,3.0,3.0
2024-06-22 06:00:00,Mykolaiv oblast,1.0,1.0
2024-06-22 06:00:00,Odesa oblast,1.0,0.0
2024-06-22 06:00:00,Kharkiv oblast,2.0,2.0
2024-06-22 06:00:00,Kharkiv oblast,2.0,2.0
2024-06-22 06:00:00,Kherson oblast,1.0,0.0
2024-06-21 06:00:00,Kherson oblast and Kirovohrad oblast,4.0,4.0
2024-06-21 06:00:00,Odesa oblast,1.0,0.0
2024-06-20 06:00:00,Kherson oblast,2.0,1.0
2024-06-20 06:00:00,Dnipropetrovsk oblast,4.0,4.0
2024-06-20 06:00:00,,3.0,0.0
2024-06-19 16:00:00,Poltava oblast,1.0,1.0
2024-06-19 08:00:00,Dnipropetrovsk oblast,1.0,1.0
2024-06-19 06:00:00,Mykolaiv oblast,1.0,1.0
2024-06-19 06:00:00,Kherson oblast,1.0,1.0
2024-06-19 06:00:00,Odesa oblast,1.0,0.0
2024-06-18 06:00:00,Kherson oblast,1.0,1.0
2024-06-18 06:00:00,Mykolaiv oblast,1.0,1.0
2024-06-18 06:00:00,Kherson oblast,2.0,2.0
2024-06-17 06:00:00,Kharkiv oblast,1.0,1.0
2024-06-17 06:00:00,Kharkiv oblast,1.0,1.0
2024-06-17 06:00:00,Kharkiv oblast,1.0,1.0
2024-06-17 06:00:00,Odesa oblast,1.0,0.0
2024-06-17 06:00:00,Kherson oblast,2.0,2.0
2024-06-17 06:00:00,Mykolaiv oblast,1.0,0.0
2024-06-14 06:00:00,Khmelnytskyi oblast,10.0,7.0
2024-06-14 06:00:00,Kharkiv oblast and Poltava oblast,3.0,3.0
2024-06-14 06:00:00,Kherson oblast,1.0,1.0
2024-06-14 06:00:00,Kherson oblast,1.0,1.0
2024-06-14 06:00:00,Kherson oblast,1.0,1.0
2024-06-14 06:00:00,Mykolaiv oblast,1.0,0.0
2024-06-13 13:00:00,Dnipropetrovsk oblast,1.0,1.0
2024-06-13 06:00:00,Kherson oblast,2.0,2.0
2024-06-13 06:00:00,Kherson oblast,2.0,2.0
2024-06-13 06:00:00,Kharkiv oblast,1.0,0.0
2024-06-13 06:00:00,Mykolaiv oblast,1.0,0.0
2024-06-12 06:00:00,Odesa oblast,1.0,0.0
2024-06-11 06:00:00,Dnipropetrovsk oblast,2.0,2.0
2024-06-09 06:00:00,Mykolaiv oblast,1.0,1.0
2024-06-09 06:00:00,Kherson oblast,1.0,1.0
2024-06-08 06:00:00,,1.0,1.0
2024-06-08 06:00:00,,2.0,2.0
2024-06-08 06:00:00,Kherson oblast,4.0,4.0
2024-06-07 06:00:00,,5.0,5.0
2024-06-07 06:00:00,Poltava oblast,1.0,1.0
2024-06-07 06:00:00,Kherson oblast,1.0,1.0
2024-06-07 06:00:00,Kherson oblast,1.0,1.0
2024-06-06 08:05:00,Dnipropetrovsk oblast,1.0,1.0
2024-06-06 06:00:00,Kharkiv oblast,1.0,1.0
2024-06-06 06:00:00,Dnipropetrovsk oblast,2.0,0.0
2024-06-06 06:00:00,Odesa oblast,1.0,1.0
2024-06-05 17:00:00,Odesa oblast,1.0,0.0
2024-06-05 06:00:00,Mykolaiv oblast,1.0,1.0
2024-06-05 06:00:00,Kherson oblast,2.0,2.0
2024-06-04 06:00:00,Chernihiv oblast,4.0,4.0
2024-06-04 06:00:00,Kherson oblast,1.0,1.0
2024-06-04 06:00:00,"Dnipropetrovsk oblast, Dnipro Raion",2.0,2.0
2024-06-04 06:00:00,Kherson oblast,1.0,1.0
2024-06-04 06:00:00,Kherson oblast,1.0,1.0
2024-06-04 06:00:00,Odesa oblast,1.0,0.0
2024-06-03 06:00:00,Mykolaiv oblast,1.0,1.0
2024-06-03 06:00:00,Odesa oblast,1.0,1.0
2024-06-03 01:00:00,Kharkiv oblast,1.0,1.0
2024-06-03 06:00:00,Kherson oblast,1.0,1.0
2024-06-02 11:00:00,"Dnipropetrovsk oblast, Pavlohrad Raion",1.0,1.0
2024-06-02 06:00:00,Kharkiv oblast,1.0,1.0
2024-06-02 06:00:00,Kharkiv oblast,1.0,0.0
2024-06-02 06:00:00,,1.0,0.0
2024-06-02 06:00:00,Kherson oblast,1.0,1.0
2024-06-02 06:00:00,Odesa oblast,1.0,0.0
2024-06-01 19:00:00,"Dnipropetrovsk oblast, Kryvyi Rih Raion",1.0,1.0
2024-06-01 13:00:00,"Dnipropetrovsk oblast, Pavlohrad Raion",1.0,0.0
2024-06-01 06:00:00,Dnipropetrovsk oblast,1.0,1.0
2024-06-01 06:00:00,Kherson oblast,1.0,1.0
2024-06-01 06:00:00,Kherson oblast,1.0,1.0
2024-06-01 06:00:00,Mykolaiv oblast,1.0,1.0
2024-06-01 06:00:00,Kherson oblast,1.0,0.0
2024-06-01 06:00:00,Mykolaiv oblast,1.0,0.0
2024-05-31 06:00:00,Kyiv oblast,1.0,1.0
2024-05-31 06:00:00,Kharkiv oblast,5.0,0.0
2024-05-31 06:00:00,Odesa oblast,2.0,1.0
2024-05-30 06:00:00,Kharkiv oblast,1.0,1.0
2024-05-30 06:00:00,Kharkiv oblast,8.0,0.0
2024-05-30 06:00:00,Kherson oblast,1.0,1.0
2024-05-30 06:00:00,Mykolaiv oblast,1.0,1.0
2024-05-29 06:00:00,Odesa oblast,1.0,0.0
2024-05-28 06:00:00,Kharkiv oblast,1.0,1.0
2024-05-28 06:00:00,Kherson oblast,2.0,2.0
2024-05-28 06:00:00,Kherson oblast,1.0,1.0
2024-05-28 06:00:00,Odesa oblast,1.0,0.0
2024-05-23 06:00:00,Kherson oblast,1.0,1.0
2024-05-22 22:55:00,"Dnipropetrovsk oblast, Synelnykove Raion",1.0,1.0
2024-05-22 06:00:00,Zaporizhzhia oblast,1.0,1.0
2024-05-22 06:00:00,Zaporizhzhia oblast,1.0,1.0
2024-05-22 06:00:00,"Dnipropetrovsk oblast, Kamianske Raion",1.0,1.0
2024-05-22 06:00:00,Odesa oblast,1.0,1.0
2024-05-20 11:00:00,"Dnipropetrovsk oblast, Kryvyi Rih Raion",1.0,1.0
2024-05-20 06:00:00,Odesa oblast,2.0,2.0
2024-05-20 06:00:00,Kharkiv oblast,1.0,0.0
2024-05-20 06:00:00,Odesa oblast,1.0,0.0
2024-05-20 06:00:00,Kherson oblast,1.0,1.0
2024-05-20 06:00:00,Odesa oblast,1.0,1.0
2024-05-20 06:00:00,Kherson oblast,1.0,1.0
2024-05-19 18:00:00,"Dnipropetrovsk oblast, Novomoskovsk Raion",1.0,1.0
2024-05-19 06:00:00,Odesa oblast,1.0,1.0
2024-05-18 16:00:00,Dnipropetrovsk oblast,1.0,1.0
2024-05-18 16:00:00,Dnipropetrovsk oblast,1.0,1.0
2024-05-18 16:00:00,Dnipropetrovsk oblast,1.0,1.0
2024-05-18 06:00:00,Odesa oblast,1.0,1.0
2024-05-18 06:00:00,Odesa oblast,1.0,0.0
2024-05-18 06:00:00,Kherson oblast,2.0,2.0
2024-05-17 06:00:00,Mykolaiv oblast,1.0,1.0
2024-05-17 06:00:00,Mykolaiv oblast,1.0,1.0
2024-05-17 06:00:00,Kherson oblast,2.0,2.0
2024-05-17 06:00:00,Odesa oblast,3.0,3.0
2024-05-17 06:00:00,Kherson oblast,1.0,1.0
2024-05-17 06:00:00,Kirovohrad oblast,1.0,1.0
2024-05-17 06:00:00,Kherson oblast,1.0,1.0
2024-05-17 06:00:00,Odesa oblast,3.0,0.0
2024-05-16 06:00:00,Kherson oblast,1.0,1.0
2024-05-16 06:00:00,Dnipropetrovsk oblast,1.0,1.0
2024-05-15 13:30:00,Dnipro,1.0,1.0
2024-05-15 06:00:00,Kharkiv oblast,1.0,1.0
2024-05-15 06:00:00,Kharkiv oblast,1.0,1.0
2024-05-15 06:00:00,Kharkiv oblast,1.0,1.0
2024-05-15 06:00:00,Kherson oblast,1.0,1.0
2024-05-15 06:00:00,Kherson oblast,1.0,1.0
2024-05-13 06:00:00,Mykolaiv oblast,1.0,1.0
2024-05-12 19:00:00,Kharkiv oblast,1.0,1.0
2024-05-12 12:00:00,Kharkiv oblast,1.0,1.0
2024-05-12 06:00:00,Odesa oblast,1.0,1.0
2024-05-12 06:00:00,Kherson oblast,1.0,1.0
2024-05-11 17:00:00,"Dnipropetrovsk oblast, Kryvyi Rih Raion",1.0,1.0
2024-05-11 06:00:00,Kherson oblast,4.0,4.0
2024-05-11 06:00:00,Mykolaiv oblast,1.0,1.0
2024-05-10 17:00:00,"Dnipropetrovsk oblast, Dnipro Raion",1.0,1.0
2024-05-10 06:00:00,,10.0,10.0
2024-05-10 06:00:00,Kharkiv oblast,2.0,0.0
2024-05-10 06:00:00,Kherson oblast,1.0,1.0
2024-05-10 06:00:00,Kherson oblast,1.0,1.0
2024-05-10 06:00:00,Kherson oblast,1.0,1.0
2024-05-09 06:00:00,Odesa oblast,20.0,17.0
2024-05-09 06:00:00,Kherson oblast,2.0,2.0
2024-05-09 06:00:00,Kherson oblast,3.0,3.0
2024-05-08 18:00:00,"Dnipropetrovsk oblast, Dnipro Raion",1.0,1.0
2024-05-08 14:00:00,Kharkiv oblast,1.0,1.0
2024-05-08 06:00:00,Dnipropetrovsk oblast,2.0,2.0
2024-05-08 06:00:00,,4.0,4.0
2024-05-07 14:00:00,Odesa oblast,2.0,2.0
2024-05-06 13:00:00,"Dnipropetrovsk oblast, Synelnykove Raion",1.0,1.0
2024-05-06 06:00:00,Kherson oblast,1.0,1.0
2024-05-06 06:00:00,Sumy oblast,13.0,12.0
2024-05-06 06:00:00,Kherson oblast,1.0,1.0
2024-05-06 06:00:00,Mykolaiv oblast,3.0,3.0
2024-05-05 13:00:00,Zaporizhzhia oblast,1.0,1.0
2024-05-05 06:00:00,,23.0,23.0
2024-05-05 06:00:00,Zaporizhzhia oblast,1.0,1.0
2024-05-04 16:15:00,"Dnipropetrovsk oblast, Dnipro Raion",1.0,1.0
2024-05-04 06:00:00,Kharkiv oblast and Dnipropetrovsk oblast,13.0,13.0
2024-05-04 06:00:00,,4.0,0.0
2024-05-03 23:00:00,Kharkiv oblast,1.0,1.0
2024-05-03 17:00:00,Kharkiv oblast,1.0,1.0
2024-05-03 12:00:00,Zaporizhzhia oblast,1.0,1.0
2024-05-03 06:00:00,Kherson oblast,1.0,1.0
2024-05-03 06:00:00,Mykolaiv oblast,1.0,1.0
2024-05-03 06:00:00,Kherson oblast,1.0,1.0
2024-05-02 06:00:00,Mykolaiv oblast,1.0,1.0
2024-05-01 06:00:00,Odesa oblast,1.0,1.0
2024-05-01 06:00:00,Odesa oblast,2.0,2.0
2024-05-01 06:00:00,Odesa oblast,1.0,1.0
2024-04-30 06:00:00,Odesa oblast,2.0,2.0
2024-04-28 06:00:00,Mykolaiv oblast,5.0,1.0
2024-04-28 06:00:00,"Dnipropetrovsk oblast, Dnipro Raion",2.0,2.0
2024-04-28 06:00:00,,1.0,0.0
2024-04-27 17:00:00,"Dnipropetrovsk oblast, Dnipro Raion",1.0,1.0
2024-04-27 06:00:00,Odesa oblast,1.0,1.0
2024-04-27 06:00:00,Odesa oblast,1.0,1.0
2024-04-27 06:00:00,Kherson oblast,1.0,1.0
2024-04-27 06:00:00,Odesa oblast,1.0,1.0
2024-04-26 06:00:00,Kherson oblast,1.0,1.0
2024-04-26 06:00:00,Kherson oblast,1.0,1.0
2024-04-25 13:00:00,"Dnipropetrovsk oblast, Kryvyi Rih Raion",1.0,1.0
2024-04-25 08:00:00,Odesa oblast,1.0,1.0
2024-04-25 06:00:00,Odesa oblast,1.0,1.0
2024-04-24 17:00:00,"Dnipropetrovsk oblast, Synelnykove Raion",1.0,1.0
2024-04-24 06:00:00,Kherson oblast,2.0,2.0
2024-04-23 22:25:00,"Dnipropetrovsk oblast, Dnipro Raion",1.0,1.0
2024-04-23 20:00:00,"Dnipropetrovsk oblast, Dnipro Raion",1.0,1.0
2024-04-23 12:00:00,"Dnipropetrovsk oblast, Synelnykove Raion",1.0,1.0
2024-04-23 06:00:00,,2.0,0.0
2024-04-22 10:00:00,"Dnipropetrovsk oblast, Dnipro Raion",1.0,1.0
2024-04-22 06:00:00,Odesa oblast,7.0,5.0
2024-04-22 06:00:00,,3.0,0.0
2024-04-22 07:00:00,Odesa oblast,1.0,1.0
2024-04-20 19:00:00,Kharkiv oblast,1.0,1.0
2024-04-20 12:00:00,Zaporizhzhia oblast,1.0,1.0
2024-04-20 09:00:00,"Dnipropetrovsk oblast, Synelnykove Raion",1.0,1.0
2024-04-20 06:00:00,Odesa oblast,2.0,2.0
2024-04-20 06:00:00,Dnipropetrovsk oblast,1.0,1.0
2024-04-20 06:00:00,Odesa oblast,1.0,1.0
2024-04-20 06:00:00,Mykolaiv oblast,1.0,1.0
2024-04-20 07:00:00,Zaporizhzhia oblast,1.0,1.0
2024-04-20 05:00:00,"Dnipropetrovsk oblast, Novomoskovsk Raion",1.0,1.0
2024-04-20 06:00:00,Odesa oblast,3.0,3.0
2024-04-19 16:30:00,"Dnipropetrovsk oblast, Dnipro Raion",1.0,1.0
2024-04-19 06:00:00,Odesa oblast,4.0,4.0
2024-04-17 13:00:00,"Dnipropetrovsk oblast, Pavlohrad Raion",1.0,1.0
2024-04-16 06:00:00,Kharkiv oblast,9.0,9.0
2024-04-14 17:50:00,"Dnipropetrovsk oblast, Dnipro Raion",1.0,1.0
2024-04-14 17:30:00,"Odesa oblast, Black Sea",2.0,2.0
2024-04-14 06:00:00,Kharkiv oblast,10.0,10.0
2024-04-14 06:00:00,,4.0,0.0
2024-04-13 06:00:00,Mykolaiv oblast,1.0,1.0
2024-04-12 20:30:00,"Dnipropetrovsk oblast, Kryvyi Rih Raion",1.0,1.0
2024-04-12 18:30:00,Kharkiv oblast,2.0,2.0
2024-04-12 06:00:00,Zaporizhzhia oblast,1.0,1.0
2024-04-12 06:00:00,Donetsk oblast,1.0,0.0
2024-04-11 19:00:00,Zaporizhzhia oblast,1.0,1.0
2024-04-11 19:00:00,Kharkiv oblast,1.0,1.0
2024-04-11 06:00:00,Zaporizhzhia oblast,4.0,2.0
2024-04-11 06:00:00,Lviv oblast,6.0,0.0
2024-04-11 06:00:00,,12.0,0.0
2024-04-11 05:00:00,Zaporizhzhia oblast,1.0,1.0
2024-04-10 20:00:00,Zaporizhzhia oblast,1.0,1.0
2024-04-10 17:00:00,Zaporizhzhia oblast,1.0,1.0
2024-04-10 10:00:00,"Dnipropetrovsk oblast, Dnipro Raion",1.0,1.0
2024-04-10 06:00:00,,17.0,14.0
2024-04-10 06:00:00,,1.0,0.0
2024-04-10 06:00:00,,2.0,0.0
2024-04-10 06:00:00,Odesa oblast,2.0,2.0
2024-04-10 06:00:00,Odesa oblast,2.0,2.0
2024-04-09 20:00:00,Odesa oblast,2.0,0.0
2024-04-09 12:00:00,,1.0,1.0
2024-04-09 06:00:00,,4.0,0.0
2024-04-08 06:00:00,"Dnipropetrovsk oblast, Kryvyi Rih Raion",1.0,1.0
2024-04-08 06:00:00,"Odesa oblast, Black Sea",2.0,2.0
2024-04-07 11:00:00,"Dnipropetrovsk oblast, Kryvyi Rih Raion",1.0,1.0
2024-04-07 06:00:00,,1.0,0.0
2024-04-07 06:00:00,,1.0,0.0
2024-04-07 06:00:00,"Odesa oblast, Black Sea",1.0,1.0
2024-04-07 06:00:00,"Odesa oblast, Black Sea",1.0,1.0
2024-04-06 12:00:00,"Odesa oblast, Black Sea",2.0,2.0
2024-04-06 06:00:00,Zaporizhzhia oblast,1.0,1.0
2024-04-05 06:00:00,,3.0,0.0
2024-04-05 06:00:00,,2.0,0.0
2024-04-05 06:00:00,"Odesa oblast, Black Sea",1.0,1.0
2024-04-04 06:00:00,Kharkiv oblast,20.0,11.0
2024-04-04 06:00:00,"Dnipropetrovsk oblast, Dnipro Raion",1.0,1.0
2024-04-03 06:00:00,Donetsk oblast,3.0,0.0
2024-04-02 18:00:00,Dnipro,1.0,1.0
2024-04-02 06:00:00,,1.0,0.0
2024-04-02 06:00:00,Dnipropetrovsk oblast,10.0,9.0
2024-04-01 18:00:00,"Dnipropetrovsk oblast, Kryvyi Rih Raion",1.0,1.0
2024-04-01 06:00:00,,1.0,1.0
2024-03-31 06:00:00,,11.0,9.0
2024-03-31 06:00:00,Mykolaiv oblast,1.0,1.0
2024-03-30 14:50:00,"Dnipropetrovsk oblast, Dnipro Raion",1.0,1.0
2024-03-30 06:00:00,Donetsk oblast,4.0,0.0
2024-03-30 06:00:00,,1.0,1.0
2024-03-30 06:00:00,,1.0,1.0
2024-03-30 06:00:00,,1.0,1.0
2024-03-29 15:00:00,Odesa oblast,2.0,2.0
2024-03-28 06:00:00,,1.0,0.0
2024-03-28 06:00:00,,3.0,0.0
2024-03-28 06:00:00,,28.0,26.0
2024-03-28 06:00:00,Donetsk oblast,1.0,0.0
2024-03-27 18:00:00,Zaporizhzhia oblast,1.0,1.0
2024-03-27 18:00:00,Dnipropetrovsk oblast,1.0,1.0
2024-03-27 16:10:00,"Dnipropetrovsk oblast, Dnipro Raion",1.0,1.0
2024-03-27 06:00:00,Kharkiv oblast and Kyiv oblast and Sumy oblast,13.0,10.0
2024-03-26 16:05:00,"Dnipropetrovsk oblast, Kryvyi Rih Raion",1.0,1.0
2024-03-26 06:00:00,,12.0,12.0
2024-03-26 06:00:00,Donetsk oblast,2.0,2.0
2024-03-25 20:55:00,"Dnipropetrovsk oblast, Dnipro Raion",1.0,1.0
2024-03-25 10:30:00,Kyiv,2.0,2.0
2024-03-25 06:00:00,Odesa oblast and Mykolaiv oblast,9.0,8.0
2024-03-24 06:00:00,Mykolaiv oblast,1.0,1.0
2024-03-24 06:00:00,Mykolaiv oblast,1.0,1.0
2024-03-23 06:00:00,Donetsk oblast,4.0,0.0
2024-03-23 06:00:00,,2.0,2.0
2024-03-22 02:00:00,,2.0,2.0
2024-03-21 03:00:00,Kyiv oblast,29.0,29.0
2024-03-21 03:00:00,Kyiv oblast,2.0,2.0
2024-03-21 06:00:00,Odesa oblast,1.0,1.0
2024-03-21 06:00:00,Odesa oblast,2.0,2.0
2024-03-20 06:00:00,Odesa oblast,2.0,2.0
2024-03-19 06:00:00,Odesa oblast,3.0,3.0
2024-03-18 06:00:00,Sumy oblast,2.0,0.0
2024-03-18 06:00:00,Kharkiv oblast,5.0,0.0
2024-03-17 06:00:00,Chernihiv oblast,2.0,0.0
2024-03-17 06:00:00,Odesa oblast,17.0,14.0
2024-03-17 06:00:00,Kharkiv oblast and Donetsk oblast,5.0,0.0
2024-03-16 06:00:00,Kharkiv oblast,2.0,2.0
2024-03-15 06:00:00,Poltava oblast,1.0,0.0
2024-03-15 06:00:00,Kharkiv oblast and Donetsk oblast,7.0,0.0
2024-03-14 06:00:00,,13.0,13.0
2024-03-14 06:00:00,,3.0,3.0
2024-03-13 12:00:00,Odesa oblast,1.0,1.0
2024-03-12 06:00:00,Odesa oblast,1.0,1.0
2024-03-12 06:00:00,,8.0,8.0
2024-03-11 06:00:00,Odesa oblast,10.0,10.0
2024-03-11 06:00:00,Kharkiv oblast,5.0,5.0
2024-03-11 06:00:00,Kherson oblast,2.0,2.0
2024-03-10 06:00:00,Kharkiv oblast and Donetsk oblast,4.0,0.0
2024-03-10 06:00:00,Kherson oblast,3.0,3.0
2024-03-08 06:00:00,Kherson oblast,1.0,1.0
2024-03-06 15:00:00,Kharkiv oblast,1.0,1.0
2024-03-05 16:00:00,"Dnipropetrovsk oblast, Kryvyi Rih Raion",1.0,1.0
2024-03-05 06:00:00,Odesa oblast,22.0,18.0
2024-03-04 16:00:00,"Dnipropetrovsk oblast, Dnipro Raion",1.0,1.0
2024-03-03 20:00:00,"Dnipropetrovsk oblast, Kryvyi Rih Raion",1.0,1.0
2024-03-02 06:00:00,,1.0,1.0
2024-03-02 06:00:00,,3.0,0.0
2024-03-02 06:00:00,,17.0,14.0
2024-03-01 16:00:00,"Dnipropetrovsk oblast, Kryvyi Rih Raion",1.0,1.0
2024-03-01 06:00:00,Dnipropetrovsk oblast,1.0,1.0
2024-03-01 06:00:00,,4.0,4.0
2024-03-01 06:00:00,,5.0,0.0
2024-02-29 06:00:00,Kherson oblast,2.0,2.0
2024-02-28 06:00:00,Mykolaiv oblast,1.0,1.0
2024-02-28 06:00:00,Kherson oblast,1.0,1.0
2024-02-27 06:00:00,Kherson oblast,1.0,0.0
2024-02-27 06:00:00,Kherson oblast,2.0,2.0
2024-02-27 06:00:00,Kherson oblast,1.0,1.0
2024-02-26 06:00:00,Dnipropetrovsk oblast,3.0,3.0
2024-02-26 06:00:00,Kherson oblast,2.0,2.0
2024-02-26 06:00:00,Kherson oblast,1.0,1.0
2024-02-24 06:00:00,,3.0,2.0
2024-02-24 06:00:00,,2.0,0.0
2024-02-24 06:00:00,Kherson oblast,1.0,1.0
2024-02-23 06:00:00,Donetsk oblast,3.0,0.0
2024-02-23 06:00:00,Kherson oblast,1.0,1.0
2024-02-23 06:00:00,Kherson oblast,1.0,1.0
2024-02-21 06:00:00,Poltava oblast,1.0,1.0
2024-02-19 18:00:00,"Dnipropetrovsk oblast, Kryvyi Rih Raion",1.0,1.0
2024-02-19 06:00:00,Kharkiv oblast,4.0,4.0
2024-02-19 06:00:00,Kherson oblast,1.0,1.0
2024-02-17 18:00:00,"Dnipropetrovsk oblast, Kryvyi Rih Raion",1.0,1.0
2024-02-17 06:00:00,Kherson oblast,1.0,1.0
2024-02-17 06:00:00,Kherson oblast,1.0,1.0
2024-02-16 18:00:00,"Dnipropetrovsk oblast, Kryvyi Rih Raion",1.0,1.0
2024-02-15 06:00:00,Zaporizhzhia oblast,4.0,2.0
2024-02-15 06:00:00,,6.0,1.0
2024-02-15 06:00:00,,2.0,0.0
2024-02-13 06:00:00,Odesa oblast,1.0,1.0
2024-02-13 06:00:00,Mykolaiv oblast,1.0,1.0
2024-02-12 06:00:00,"Dnipropetrovsk oblast, Novomoskovsk Raion",1.0,1.0
2024-02-09 06:00:00,Kherson oblast,1.0,1.0
2024-02-09 06:00:00,Kherson oblast,1.0,1.0
2024-02-08 17:00:00,"Dnipropetrovsk oblast, Kryvyi Rih Raion",1.0,1.0
2024-02-06 17:00:00,"Dnipropetrovsk oblast, Dnipro Raion",1.0,1.0
2024-02-03 17:00:00,"Dnipropetrovsk oblast, Kryvyi Rih Raion",1.0,1.0
2024-02-02 06:00:00,Kherson oblast,1.0,1.0
2024-02-01 06:00:00,Kharkiv oblast,4.0,2.0
2024-02-01 06:00:00,Kherson oblast,1.0,1.0
2024-01-31 16:00:00,"Dnipropetrovsk oblast, Kryvyi Rih Raion",1.0,1.0
2024-01-31 06:00:00,Kherson oblast,1.0,1.0
2024-01-31 06:00:00,Kherson oblast,2.0,2.0
2024-01-30 18:00:00,Mykolaiv oblast,1.0,1.0
2024-01-30 06:00:00,Kherson oblast,1.0,1.0
2024-01-30 06:00:00,Donetsk oblast,2.0,0.0
2024-01-29 06:00:00,,1.0,0.0
2024-01-29 06:00:00,Donetsk oblast,3.0,0.0
2024-01-28 14:00:00,"Dnipropetrovsk oblast, Dnipro Raion",1.0,1.0
2024-01-28 06:00:00,,8.0,4.0
2024-01-28 06:00:00,Poltava oblast,2.0,0.0
2024-01-28 06:00:00,Donetsk oblast,3.0,0.0
2024-01-27 06:00:00,Kirovohrad oblast,4.0,4.0
2024-01-27 06:00:00,Donetsk oblast,1.0,0.0
2024-01-25 16:00:00,Mykolaiv oblast,1.0,1.0
2024-01-25 06:00:00,Kharkiv oblast and Donetsk oblast,4.0,0.0
2024-01-24 15:00:00,"Dnipropetrovsk oblast, Dnipro Raion",2.0,2.0
2024-01-24 06:00:00,Kherson oblast,2.0,2.0
2024-01-23 06:00:00,,2.0,1.0
2024-01-23 06:00:00,Kharkiv oblast and Sumy oblast,8.0,0.0
2024-01-23 06:00:00,,12.0,5.0
2024-01-23 06:00:00,Kharkiv oblast,4.0,0.0
2024-01-22 18:00:00,Mykolaiv oblast,1.0,1.0
2024-01-21 06:00:00,"Dnipropetrovsk oblast, Dnipro Raion",1.0,1.0
2024-01-20 06:00:00,Donetsk oblast,3.0,0.0
2024-01-18 06:00:00,,33.0,22.0
2024-01-18 06:00:00,Kharkiv oblast,2.0,0.0
2024-01-17 06:00:00,Kharkiv oblast,2.0,0.0
2024-01-17 06:00:00,"Dnipropetrovsk oblast, Dnipro Raion",1.0,1.0
2024-01-17 06:00:00,Kherson oblast,1.0,1.0
2024-01-17 06:00:00,Mykolaiv oblast,1.0,1.0
2024-01-16 06:00:00,,1.0,1.0
2024-01-16 06:00:00,Kherson oblast,1.0,1.0
2024-01-15 06:00:00,Kherson oblast,2.0,2.0
2024-01-15 06:00:00,"Dnipropetrovsk oblast, Dnipro Raion",1.0,1.0
2024-01-15 06:00:00,Mykolaiv oblast,1.0,1.0
2024-01-14 06:00:00,"Dnipropetrovsk oblast, Kryvyi Rih Raion",1.0,1.0
2024-01-13 06:00:00,,3.0,0.0
2024-01-13 06:00:00,Kherson oblast,1.0,1.0
2024-01-10 06:00:00,"Dnipropetrovsk oblast, Synelnykove Raion",1.0,1.0
2024-01-09 06:00:00,Kherson oblast,1.0,1.0
2024-01-09 06:00:00,Kherson oblast,1.0,1.0
2024-01-08 06:00:00,,8.0,8.0
2024-01-07 06:00:00,,28.0,21.0
2024-01-07 06:00:00,"Dnipropetrovsk oblast, Dnipro Raion",1.0,1.0
2024-01-07 06:00:00,Donetsk oblast,3.0,0.0
2024-01-06 06:00:00,Kherson oblast,1.0,1.0
2024-01-06 06:00:00,Mykolaiv oblast,1.0,1.0
2024-01-05 06:00:00,Kherson oblast,1.0,1.0
2024-01-05 06:00:00,Kherson oblast,2.0,2.0
2024-01-04 06:00:00,Khmelnytskyi oblast,2.0,2.0
2024-01-04 06:00:00,Dnipro,2.0,2.0
2024-01-04 06:00:00,Kherson oblast,1.0,1.0
2024-01-04 06:00:00,Kharkiv oblast and Donetsk oblast,3.0,0.0
2024-01-02 06:00:00,Kherson oblast,1.0,1.0
2024-01-02 06:00:00,Kherson oblast,5.0,5.0
2024-01-01 14:00:00,"Dnipropetrovsk oblast, Dnipro Raion",1.0,1.0
2024-01-01 06:00:00,Kharkiv oblast,4.0,0.0
2024-01-01 06:00:00,Kherson oblast,1.0,1.0
2024-01-01 06:00:00,Kherson oblast,2.0,2.0
2023-12-30 13:00:00,Dnipro,1.0,1.0
2023-12-30 06:00:00,,10.0,5.0
2023-12-30 06:00:00,Kharkiv,6.0,0.0
2023-12-29 05:00:00,,8.0,0.0
2023-12-29 05:00:00,Kharkiv oblast,14.0,0.0
2023-12-28 06:00:00,Dnipropetrovsk oblast and Zaporizhzhia oblast and Kirovohrad oblast,8.0,7.0
2023-12-28 06:00:00,Kherson oblast,1.0,1.0
2023-12-28 06:00:00,Mykolaiv oblast and Kherson oblast,2.0,2.0
2023-12-26 06:00:00,"Dnipropetrovsk oblast, Dnipro Raion",2.0,2.0
2023-12-26 06:00:00,Kherson oblast,1.0,1.0
2023-12-26 06:00:00,Kherson oblast,1.0,1.0
2023-12-25 06:00:00,"Dnipropetrovsk oblast, Kryvyi Rih Raion",1.0,1.0
2023-12-24 06:00:00,Kherson oblast,1.0,1.0
2023-12-24 06:00:00,Zaporizhzhia oblast,1.0,1.0
2023-12-23 14:00:00,"Dnipropetrovsk oblast, Dnipro Raion",1.0,1.0
2023-12-20 06:00:00,Kharkiv oblast,2.0,0.0
2023-12-20 06:00:00,"Dnipropetrovsk oblast, Dnipro Raion",1.0,1.0
2023-12-19 06:00:00,Khmelnytskyi oblast,2.0,2.0
2023-12-18 06:00:00,"Dnipropetrovsk oblast, Kryvyi Rih Raion",1.0,1.0
2023-12-17 06:00:00,"Dnipropetrovsk oblast, Pavlohrad Raion",2.0,2.0
2023-12-15 06:00:00,,14.0,14.0
2023-12-13 19:00:00,,42.0,41.0
2023-12-14 06:00:00,"Dnipropetrovsk oblast, Dnipro Raion",1.0,0.0
2023-12-13 06:00:00,,10.0,10.0
2023-12-13 03:00:00,Kyiv,10.0,10.0
2023-12-11 18:00:00,Zaporizhzhia oblast,1.0,1.0
2023-12-11 15:00:00,"Dnipropetrovsk oblast, Kryvyi Rih Raion",1.0,1.0
2023-12-11 06:00:00,,18.0,18.0
2023-12-11 04:00:00,Kyiv,8.0,8.0
2023-12-08 06:00:00,Dnipropetrovsk oblast and Kyiv oblast,19.0,14.0
2023-12-08 06:00:00,Dnipropetrovsk oblast,7.0,7.0
2023-12-08 06:00:00,Kharkiv oblast,6.0,0.0
2023-12-07 06:00:00,Odesa oblast and Mykolaiv oblast and Khmelnytskyi oblast,18.0,15.0
2023-12-06 10:00:00,Dnipropetrovsk oblast,1.0,1.0
2023-12-06 06:00:00,Dnipro,1.0,1.0
2023-12-05 12:00:00,Zaporizhzhia oblast,1.0,1.0
2023-12-05 06:00:00,Donetsk oblast and Kherson oblast,6.0,0.0
2023-12-05 06:00:00,Kherson oblast,2.0,2.0
2023-12-05 06:00:00,Kherson oblast,2.0,2.0
2023-12-05 06:00:00,Mykolaiv oblast,1.0,1.0
2023-12-05 06:00:00,Kherson oblast,1.0,1.0
2023-12-03 06:00:00,Odesa oblast and Mykolaiv oblast and Khmelnytskyi oblast,12.0,10.0
2023-12-03 06:00:00,Kherson oblast,1.0,1.0
2023-12-02 06:00:00,Dnipropetrovsk oblast,1.0,0.0
2023-12-02 06:00:00,Odesa oblast,11.0,10.0
2023-12-01 06:00:00,,2.0,1.0
2023-12-01 06:00:00,Mykolaiv oblast and Kherson oblast and Dnipropetrovsk oblast and Zaporizhzhia oblast,25.0,18.0
2023-12-01 06:00:00,Kherson oblast,1.0,1.0
2023-11-30 06:00:00,Donetsk oblast,8.0,0.0
2023-11-29 06:00:00,Mykolaiv oblast,3.0,2.0
2023-11-28 14:00:00,,1.0,1.0
2023-11-28 13:00:00,,1.0,1.0
2023-11-28 06:00:00,Zaporizhzhia,1.0,0.0
2023-11-28 06:00:00,Kherson oblast,1.0,1.0
2023-11-25 06:00:00,Dnipropetrovsk oblast,1.0,1.0
2023-11-25 06:00:00,Kyiv oblast,75.0,74.0
2023-11-24 06:00:00,Kherson oblast,1.0,1.0
2023-11-21 20:00:00,Zaporizhzhia oblast,1.0,0.0
2023-11-22 06:00:00,Dnipropetrovsk oblast and Zaporizhzhia oblast,2.0,2.0
2023-11-21 06:00:00,"Dnipropetrovsk oblast, Dnipro Raion",1.0,1.0
2023-11-21 06:00:00,Donetsk oblast,4.0,0.0
2023-11-21 06:00:00,Odesa oblast,1.0,1.0
2023-11-19 06:00:00,Kyiv oblast and Poltava oblast and Cherkasy oblast,20.0,15.0
2023-11-15 06:00:00,Poltava oblast,1.0,1.0
2023-11-13 06:00:00,Odesa oblast and Mykolaiv oblast,2.0,2.0
2023-11-13 06:00:00,Odesa oblast and Mykolaiv oblast,3.0,3.0
2023-11-12 06:00:00,Mykolaiv oblast,2.0,1.0
2023-11-12 06:00:00,Mykolaiv oblast,1.0,0.0
2023-11-11 06:00:00,Kyiv,1.0,1.0
2023-11-10 13:00:00,,1.0,1.0
2023-11-10 06:00:00,"Dnipropetrovsk oblast, Dnipro Raion",1.0,0.0
2023-11-09 06:00:00,"Dnipropetrovsk oblast, Dnipro Raion",1.0,1.0
2023-11-06 22:00:00,"Dnipropetrovsk oblast, Synelnykove Raion",1.0,1.0
2023-11-06 06:00:00,"Dnipropetrovsk oblast, Pavlohrad Raion",1.0,0.0
2023-11-05 20:00:00,Mykolaiv oblast,1.0,1.0
2023-11-05 16:00:00,"Dnipropetrovsk oblast, Kryvyi Rih Raion",1.0,1.0
2023-11-04 17:00:00,Dnipropetrovsk oblast and Poltava oblast,3.0,3.0
2023-11-04 06:00:00,Sumy oblast,2.0,2.0
2023-11-03 06:00:00,"Dnipropetrovsk oblast, Kryvyi Rih Raion",1.0,1.0
2023-11-02 06:00:00,"Dnipropetrovsk oblast, Dnipro Raion",1.0,1.0
2023-11-02 06:00:00,Kherson oblast,1.0,1.0
2023-11-01 12:00:00,"Dnipropetrovsk oblast, Synelnykove Raion",1.0,1.0
2023-11-01 06:00:00,Odesa oblast,2.0,2.0
2023-10-31 12:00:00,"Dnipropetrovsk oblast, Kryvyi Rih Raion",1.0,1.0
2023-10-31 06:00:00,Mykolaiv oblast,1.0,1.0
2023-10-31 06:00:00,Kherson oblast,3.0,3.0
2023-10-30 06:00:00,Kherson oblast,2.0,2.0
2023-10-29 06:00:00,"Poltava oblast, Myrhorod Raion",1.0,0.0
2023-10-29 06:00:00,"Dnipropetrovsk oblast, Dnipro Raion",2.0,2.0
2023-10-29 06:00:00,Mykolaiv oblast and Zaporizhzhia oblast and Khmelnytskyi oblast,5.0,5.0
2023-10-29 06:00:00,Kherson oblast,1.0,1.0
2023-10-29 06:00:00,Kherson oblast,3.0,3.0
2023-10-28 06:00:00,"Dnipropetrovsk oblast, Dnipro Raion and Dnipropetrovsk oblast, Kryvyi Rih Raion",4.0,3.0
2023-10-27 06:00:00,Mykolaiv oblast and Kherson oblast,6.0,5.0
2023-10-27 06:00:00,Kharkiv oblast,1.0,0.0
2023-10-27 06:00:00,Mykolaiv oblast,3.0,3.0
2023-10-27 06:00:00,Kherson oblast,2.0,2.0
2023-10-24 06:00:00,"Dnipropetrovsk oblast, Kamianske Raion",1.0,1.0
2023-10-24 06:00:00,Mykolaiv oblast and Vinnytsia oblast and Khmelnytskyi oblast,6.0,6.0
2023-10-23 06:00:00,"Dnipropetrovsk oblast, Synelnykove Raion",1.0,1.0
2023-10-23 06:00:00,,1.0,1.0
2023-10-23 06:00:00,,13.0,13.0
2023-10-22 06:00:00,"Dnipropetrovsk oblast, Synelnykove Raion",1.0,1.0
2023-10-22 06:00:00,,2.0,0.0
2023-10-22 06:00:00,,3.0,3.0
2023-10-22 06:00:00,,8.0,0.0
2023-10-21 06:00:00,,3.0,3.0
2023-10-18 20:00:00,"Dnipropetrovsk oblast, Kryvyi Rih Raion",1.0,1.0
2023-10-18 06:00:00,Kherson oblast,1.0,1.0
2023-10-17 06:00:00,Mykolaiv oblast,1.0,1.0
2023-10-17 06:00:00,Odesa oblast,6.0,6.0
2023-10-17 06:00:00,,2.0,0.0
2023-10-16 06:00:00,,5.0,2.0
2023-10-15 06:00:00,Dnipropetrovsk oblast,1.0,1.0
2023-10-11 06:00:00,Mykolaiv oblast,1.0,1.0
2023-10-10 06:00:00,Odesa oblast and Mykolaiv oblast and Kherson oblast,36.0,27.0
2023-10-06 06:00:00,,33.0,25.0
2023-10-05 06:00:00,Odesa oblast and Mykolaiv oblast and Kirovohrad oblast,29.0,24.0
2023-10-03 06:00:00,Dnipropetrovsk oblast and Mykolaiv oblast,31.0,29.0
2023-10-03 06:00:00,Dnipropetrovsk oblast,1.0,1.0
2023-10-02 06:00:00,Kryvyi Rih,7.0,4.0
2023-10-01 06:00:00,Odesa oblast and Mykolaiv oblast,30.0,16.0
2023-10-01 06:00:00,Mykolaiv oblast and Kherson oblast,3.0,3.0
2023-09-30 06:00:00,Odesa oblast and Mykolaiv oblast and Vinnytsia oblast,40.0,30.0
2023-09-25 06:00:00,Odesa oblast,19.0,19.0
2023-09-25 06:00:00,Odesa oblast,2.0,0.0
2023-09-25 06:00:00,Odesa oblast,12.0,11.0
2023-09-23 06:00:00,Dnipropetrovsk oblast and Zaporizhzhia oblast,15.0,14.0
2023-09-23 06:00:00,Mykolaiv oblast,2.0,2.0
2023-09-21 06:00:00,Kharkiv,6.0,0.0
2023-09-20 06:00:00,Dnipropetrovsk oblast and Poltava oblast and Kirovohrad oblast and Sumy oblast,24.0,17.0
2023-09-19 06:00:00,,1.0,1.0
2023-09-19 06:00:00,Kryvyi Rih,1.0,0.0
2023-09-18 06:00:00,Dnipropetrovsk oblast and Poltava oblast and Khmelnytskyi oblast,17.0,17.0
2023-09-18 06:00:00,Odesa oblast and Mykolaiv oblast,24.0,18.0
2023-09-17 06:00:00,Odesa oblast,10.0,6.0
2023-09-17 06:00:00,Odesa oblast,6.0,6.0
2023-09-15 06:00:00,Khmelnytskyi oblast,17.0,17.0
2023-09-13 21:00:00,Dnipropetrovsk oblast and Zaporizhzhia oblast and Mykolaiv oblast and Sumy oblast,22.0,17.0
2023-09-13 06:00:00,Odesa oblast and Sumy oblast,44.0,32.0
2023-09-11 06:00:00,Dnipropetrovsk oblast and Zaporizhzhia oblast and Mykolaiv oblast,1.0,1.0
2023-09-11 06:00:00,Dnipropetrovsk oblast and Zaporizhzhia oblast and Mykolaiv oblast,12.0,12.0
2023-09-10 06:00:00,Kyiv oblast,33.0,26.0
2023-09-08 06:00:00,Odesa oblast and Mykolaiv oblast,20.0,16.0
2023-09-07 06:00:00,Odesa oblast and Sumy oblast,33.0,25.0
2023-09-04 06:00:00,Odesa oblast and Dnipropetrovsk oblast,32.0,23.0
2023-09-03 06:00:00,Odesa oblast,25.0,22.0
2023-09-01 06:00:00,Vinnytsia oblast,2.0,1.0
2023-08-28 06:00:00,Kryvyi Rih,2.0,2.0
2023-08-27 00:00:00,Zaporizhzhia oblast,2.0,2.0
2023-08-26 00:00:00,Kharkiv oblast,2.0,2.0
2023-08-25 06:00:00,Odesa oblast,2.0,2.0
2023-08-25 06:00:00,Dnipropetrovsk oblast,1.0,1.0
2023-08-25 06:00:00,Odesa oblast,2.0,2.0
2023-08-24 02:30:00,Dnipro,1.0,1.0
2023-08-23 06:00:00,Odesa oblast and Zaporizhzhia oblast,20.0,11.0
2023-08-16 02:00:00,Kharkiv oblast,3.0,3.0
2023-08-15 22:00:00,Odesa oblast,13.0,13.0
2023-08-15 03:00:00,Dnipropetrovsk oblast and Zaporizhzhia oblast,8.0,0.0
2023-08-14 14:00:00,Kyiv and Starokostiantyniv,3.0,1.0
2023-08-14 01:00:00,Odesa oblast,15.0,15.0
2023-08-14 01:00:00,Odesa oblast,8.0,8.0
2023-08-12 01:30:00,Zaporizhzhia oblast,5.0,3.0
2023-08-11 09:00:00,Kolomyia,4.0,1.0
2023-08-02 06:00:00,Kyiv oblast and Odesa oblast,23.0,23.0
2023-07-30 06:00:00,Dnipropetrovsk oblast and Kherson oblast,4.0,4.0
2023-07-27 06:00:00,Odesa oblast,2.0,0.0
2023-07-26 19:00:00,Khmelnytskyi oblast,4.0,0.0
2023-07-26 13:00:00,Vinnytsia oblast,3.0,3.0
2023-07-24 06:00:00,Odesa oblast,3.0,3.0
2023-07-23 06:00:00,Odesa oblast,3.0,0.0
2023-07-23 06:00:00,Odesa oblast,5.0,0.0
2023-07-23 06:00:00,Odesa oblast,4.0,4.0
2023-07-23 06:00:00,Odesa oblast,2.0,2.0
2023-07-23 06:00:00,Odesa oblast,5.0,5.0
2023-07-20 06:00:00,Odesa oblast and Mykolaiv oblast,4.0,0.0
2023-07-20 06:00:00,Odesa oblast and Mykolaiv oblast,7.0,0.0
2023-07-20 06:00:00,Odesa oblast and Mykolaiv oblast,3.0,2.0
2023-07-20 06:00:00,Odesa oblast and Mykolaiv oblast,5.0,3.0
2023-07-19 06:00:00,Odesa oblast,8.0,0.0
2023-07-19 06:00:00,Odesa oblast,6.0,0.0
2023-07-13 06:00:00,Kyiv oblast,20.0,20.0
2023-07-08 06:00:00,Dnipropetrovsk oblast and Kirovohrad oblast,5.0,5.0
2023-07-06 01:00:00,Lviv oblast,10.0,7.0
2023-07-05 06:00:00,Mykolaiv oblast,1.0,1.0
2023-07-05 06:00:00,Mykolaiv oblast,1.0,1.0
2023-07-05 06:00:00,Mykolaiv oblast,2.0,2.0
2023-07-05 06:00:00,Mykolaiv oblast,4.0,4.0
2023-06-30 06:00:00,Zaporizhzhia oblast,4.0,0.0
2023-06-28 06:00:00,,6.0,6.0
2023-06-24 06:00:00,Dnipropetrovsk oblast,9.0,0.0
2023-06-23 06:00:00,Khmelnytskyi oblast,13.0,13.0
2023-06-22 06:00:00,Dnipropetrovsk oblast,3.0,0.0
2023-06-22 06:00:00,Dnipropetrovsk oblast,3.0,0.0
2023-06-20 06:00:00,Khmelnytskyi oblast,6.0,6.0
2023-06-16 11:00:00,Kyiv oblast,6.0,6.0
2023-06-16 11:00:00,Kyiv oblast,6.0,6.0
2023-06-16 06:00:00,Mykolaiv oblast,2.0,2.0
2023-06-16 06:00:00,Kyiv oblast,2.0,2.0
2023-06-15 00:20:00,Dnipropetrovsk oblast,4.0,1.0
2023-06-15 06:00:00,,1.0,1.0
2023-06-15 06:00:00,,1.0,1.0
2023-06-15 06:00:00,,1.0,1.0
2023-06-15 06:00:00,,2.0,2.0
2023-06-15 06:00:00,,1.0,1.0
2023-06-14 06:00:00,Donetsk oblast,6.0,0.0
2023-06-14 06:00:00,,10.0,9.0
2023-06-14 06:00:00,Odesa oblast,4.0,3.0
2023-06-11 06:00:00,Kharkiv oblast and Sumy oblast,6.0,6.0
2023-06-08 20:00:00,Cherkasy oblast,2.0,0.0
2023-06-07 06:00:00,,1.0,1.0
2023-06-07 06:00:00,,1.0,1.0
2023-06-02 02:00:00,,15.0,15.0
2023-06-01 23:00:00,,21.0,21.0
2023-06-01 02:30:00,Kyiv oblast,7.0,7.0
2023-06-01 02:30:00,Kyiv oblast,3.0,3.0
2023-05-31 06:00:00,Mykolaiv oblast,1.0,1.0
2023-05-31 06:00:00,Mykolaiv oblast,2.0,2.0
2023-05-31 06:00:00,Mykolaiv oblast,2.0,2.0
2023-05-29 11:00:00,Kyiv oblast,11.0,11.0
2023-05-25 22:00:00,Dnipropetrovsk oblast,7.0,0.0
2023-05-21 06:00:00,Kherson oblast,1.0,1.0
2023-05-21 06:00:00,Kherson oblast,1.0,1.0
2023-05-21 06:00:00,Kherson oblast,1.0,1.0
2023-05-20 21:00:00,,4.0,4.0
2023-05-20 06:00:00,Kyiv oblast,18.0,18.0
2023-05-20 06:00:00,Mykolaiv oblast and Kherson oblast,3.0,3.0
2023-05-20 06:00:00,Mykolaiv oblast and Kherson oblast,1.0,1.0
2023-05-20 06:00:00,Mykolaiv oblast and Kherson oblast,1.0,1.0
2023-05-19 06:00:00,,2.0,2.0
2023-05-19 06:00:00,,1.0,1.0
2023-05-16 06:00:00,Mykolaiv oblast,1.0,1.0
2023-05-16 06:00:00,Mykolaiv oblast,1.0,1.0
2023-05-15 06:00:00,Kherson oblast,1.0,1.0
2023-05-15 06:00:00,Kherson oblast,1.0,1.0
2023-05-15 06:00:00,Kherson oblast,2.0,2.0
2023-05-14 23:50:00,,4.0,4.0
2023-05-14 23:50:00,,1.0,1.0
2023-05-14 06:00:00,Kherson oblast,1.0,1.0
2023-05-14 06:00:00,Kherson oblast,2.0,2.0
2023-05-09 23:30:00,,3.0,3.0
2023-05-08 22:00:00,,8.0,8.0
2023-05-08 06:00:00,Kyiv oblast,35.0,35.0
2023-05-08 00:00:00,Odesa oblast,8.0,0.0
2023-05-08 06:00:00,Kherson oblast,1.0,1.0
2023-05-08 06:00:00,Kherson oblast,2.0,2.0
2023-05-06 06:00:00,,8.0,8.0
2023-05-06 06:00:00,front line,4.0,4.0
2023-05-06 06:00:00,front line,1.0,1.0
2023-05-05 06:00:00,,2.0,2.0
2023-05-04 06:00:00,,1.0,1.0
2023-05-04 06:00:00,,24.0,18.0
2023-05-04 02:30:00,Kyiv oblast,1.0,1.0
2023-05-03 06:00:00,Mykolaiv oblast and Kherson oblast,1.0,1.0
2023-05-03 06:00:00,Mykolaiv oblast and Kherson oblast,1.0,1.0
2023-05-03 06:00:00,Mykolaiv oblast and Kherson oblast,2.0,2.0
2023-04-26 06:00:00,Kherson oblast,1.0,1.0
2023-04-26 06:00:00,Kherson oblast,5.0,5.0
2023-04-24 06:00:00,Kherson oblast,1.0,1.0
2023-04-24 06:00:00,Kherson oblast,2.0,2.0
2023-04-23 11:50:00,Mykolaiv oblast,1.0,1.0
2023-04-22 06:00:00,Mykolaiv oblast and Kherson oblast,4.0,4.0
2023-04-19 06:00:00,Odesa oblast,12.0,10.0
2023-04-08 13:00:00,Mykolaiv oblast,1.0,1.0
2023-04-04 03:00:00,Odesa oblast and Mykolaiv oblast,17.0,14.0
2023-03-27 21:40:00,Kherson oblast,2.0,0.0
2023-03-23 21:30:00,Odesa oblast,2.0,2.0
2023-03-21 19:40:00,Odesa oblast,2.0,2.0
2023-03-14 10:00:00,Odesa oblast,4.0,0.0
2023-03-08 00:00:00,,2.0,2.0
2023-03-06 06:00:00,,15.0,13.0
2023-03-01 00:30:00,,4.0,4.0
2023-02-09 21:50:00,Kharkiv oblast and Zaporizhzhia oblast,35.0,0.0
2023-02-09 15:00:00,Kherson oblast,1.0,1.0
2023-01-25 09:00:00,,1.0,1.0
2023-01-23 10:00:00,,2.0,2.0
2023-01-23 10:00:00,,1.0,1.0
2023-01-20 18:00:00,,1.0,1.0
2023-01-20 18:00:00,Dnipropetrovsk oblast,1.0,1.0
2023-01-14 15:30:00,Dnipro,1.0,0.0
2023-01-12 09:00:00,,1.0,1.0
2023-01-11 11:00:00,,1.0,1.0
2023-01-11 11:00:00,,1.0,1.0
2023-01-11 12:00:00,Odesa oblast,1.0,1.0
2022-12-31 13:00:00,Kyiv oblast,1.0,1.0
2022-12-29 06:00:00,Kyiv oblast,1.0,1.0
2022-12-22 06:00:00,Mykolaiv oblast,1.0,1.0
2022-12-20 13:00:00,Mykolaiv oblast,1.0,1.0
2022-12-20 13:00:00,Kherson oblast,1.0,1.0
2022-12-10 06:00:00,Odesa oblast and Mykolaiv oblast and Kherson oblast,15.0,10.0
2022-11-23 06:00:00,,5.0,5.0
2022-11-17 06:00:00,,2.0,2.0
2022-11-17 06:00:00,center,5.0,5.0
2022-11-14 10:00:00,,2.0,2.0
2022-11-04 16:00:00,,2.0,2.0
2022-11-03 22:00:00,,9.0,9.0
2022-11-01 23:00:00,,13.0,12.0
2022-11-01 12:00:00,Donetsk oblast,1.0,1.0
2022-11-01 01:30:00,Poltava oblast,3.0,3.0
2022-11-01 01:30:00,Dnipropetrovsk oblast,3.0,3.0
2022-10-26 22:00:00,Odesa oblast and Mykolaiv oblast and Vinnytsia oblast,20.0,19.0
2022-10-25 21:30:00,Dnipropetrovsk oblast,1.0,1.0
2022-10-25 21:00:00,Kherson oblast,2.0,2.0
2022-10-22 00:00:00,Mykolaiv oblast,10.0,10.0
2022-10-20 00:00:00,Mykolaiv oblast,14.0,14.0
2022-10-19 06:00:00,Mykolaiv oblast,13.0,13.0
2022-10-17 03:30:00,Odesa oblast and Mykolaiv oblast,15.0,15.0
2022-10-16 21:30:00,,11.0,11.0
2022-10-13 16:00:00,,5.0,5.0
2022-10-13 06:00:00,Odesa oblast and Mykolaiv oblast,6.0,6.0
2022-10-11 15:00:00,,13.0,13.0
2022-10-11 03:30:00,Odesa oblast and Mykolaiv oblast,8.0,8.0
2022-10-09 00:30:00,Zaporizhzhia,2.0,1.0
2022-10-09 00:30:00,Zaporizhzhia,4.0,0.0
2022-10-09 00:30:00,Zaporizhzhia,16.0,0.0
2022-10-07 20:00:00,Odesa oblast and Mykolaiv oblast,3.0,3.0
2022-10-06 15:00:00,,3.0,3.0
2022-10-06 15:00:00,,1.0,1.0
2022-10-06 15:00:00,,1.0,1.0
2022-10-06 09:00:00,Mykolaiv oblast,2.0,2.0
2022-10-06 09:00:00,Mykolaiv oblast,1.0,1.0
2022-10-06 06:00:00,,9.0,9.0
2022-10-05 12:00:00,Odesa oblast,1.0,1.0
2022-10-05 11:30:00,Ochakiv,1.0,1.0
2022-10-05 06:00:00,,6.0,6.0
2022-10-02 00:00:00,Mykolaiv oblast,7.0,5.0
2022-09-29 23:00:00,Odesa oblast and Mykolaiv oblast,7.0,5.0
2022-09-28 06:00:00,Dnipropetrovsk oblast and Zaporizhzhia oblast,5.0,4.0
